MAE,MSE,RMSE,R2,MAPE
5.335596227520079,38.171406156523446,6.178301235495356,-0.22189266570365151,
6.698611452746133,52.4060446947105,7.239201937693857,-0.6775531241481676,
5.250053031722073,38.27966566524957,6.1870563004751755,-0.22535812618898698,
4.905638903564154,32.266610236509806,5.680370607320424,-0.03287613334023787,
128.37461614608765,16511.40619675573,128.49671667694756,-527.5413392826174,
