MAE,MSE,RMSE,R2,MAPE
3.9134501146644642,22.862294090055002,4.781453135821264,-0.3130773412733947,
4.536326569428522,29.901837140987933,5.468257230689494,-0.7173877939641191,
4.7108603584494295,35.419963221861046,5.951467316709472,-1.034316895415758,
6.189140185320767,53.161555684426126,7.2911971365768276,-2.053290886780638,
217.2629925727844,47220.5955843242,217.3030040849049,-2711.0766559547587,
