MAE,MSE,RMSE,R2,MAPE
6.014749165403413,50.76108461892284,7.124681369641932,-0.9419591607628677,
13.060288572209153,215.27978617317774,14.67241582607233,-7.235926320814405,
13.86388392825199,220.151533260974,14.837504280065904,-7.42230401461449,
5.591575494488393,52.434430732910776,7.241162250144018,-1.00597611074692,
183.02733116149903,33525.15235478958,183.0987502818891,-1281.5666988818564,
