MAE,MSE,RMSE,R2,MAPE
3.122691595917962,20.112270729284734,4.484670637770932,0.010026844232845389,
6.9764875089536975,58.0590203067131,7.619646993576087,-1.857801206409584,
18.40163488073781,415.307468565106,20.37909390932546,-19.44240806038951,
5.619684225242505,42.35897805076044,6.508377528290783,-1.085008288742058,
124.16695515314738,15437.693238110483,124.24851402777614,-758.8794834461247,
