MAE,MSE,RMSE,R2,MAPE
6.95080948070689,62.083201095394585,7.879289377564108,-0.9677553310702756,
7.883613255361274,74.45223952640713,8.62857111730599,-1.3597976369339717,
5.7817804080064,54.29332135683627,7.368400189785858,-0.7208515452878517,
5.386094923900577,37.3375358324698,6.110444814616183,-0.18343020152065037,
95.11319519678752,9078.138339511297,95.27926500299684,-286.7357288055811,
