MAE,MSE,RMSE,R2,MAPE
9.105631214304218,117.15582604612943,10.82385449117501,-0.3627794257606811,
13.67530346470545,288.7234170752757,16.991863260845637,-2.358487117581167,
14.82746577215198,330.57754477899226,18.181791572311905,-2.8453424968034238,
20.94720362041037,525.1492551378136,22.91613525745154,-5.10863859278813,
349.44363867441814,122196.86870844176,349.5666870690652,-1420.4178175200132,
