MAE,MSE,RMSE,R2,MAPE
4.248752396832179,22.088254370521177,4.69981429106738,-4.035868748673104,
8.36315053933058,72.00129830177745,8.485357877059602,-15.415470498461822,
1.7525026938187194,4.421044354999756,2.102627964001182,-0.007947424471623776,
2.352098672767866,9.475770121073364,3.078273886624347,-1.160366945339455,
47.00522645314535,2213.8844561619208,47.05193360704659,-503.7402732213241,
