MAE,MSE,RMSE,R2,MAPE
14.615278789191736,247.27160694116873,15.724872239263782,-5.294827239822252,
28.44814459593393,844.5712584997997,29.061508193825723,-20.50036645833095,
14.180801364767678,219.80876191084158,14.82594893795475,-4.595701824177378,
14.643202288169142,253.94957665250956,15.93579545088696,-5.464829231420331,
278.81919542948407,77779.48761755796,278.88974096864507,-1979.043092739353,
