MAE,MSE,RMSE,R2,MAPE
19.70245983055184,481.907087943892,21.952382284023116,-3.799431922857038,
45.146765380144,2089.1382700819954,45.70709212017316,-19.806244928817595,
11.54999955981994,177.485742795867,13.322377520392784,-0.7676244262372327,
28.498193945174634,915.8255651127818,30.262610018185505,-8.120933397606779,
274.0552326202393,75206.77085701207,274.238529125672,-748.0028387135139,
