MAE,MSE,RMSE,R2,MAPE
2.481212598670854,7.185834584311164,2.680640704068929,-5.55149556973276,
2.980449685624317,11.57067246256298,3.401569117710675,-9.549256107678259,
5.259520903837179,30.07722728725746,5.484270898420086,-26.42212042461062,
1.6168774577687557,3.67612747457938,1.917322996935931,-2.351612478815277,
76.33104540506999,5827.525042667966,76.3382279245986,-5312.092592320748,
