MAE,MSE,RMSE,R2,MAPE
2.9341118266002226,11.872268769068905,3.445615876598682,-2.7420806757840004,
5.2489117273865356,31.727239880425774,5.632693838690842,-9.000269835688362,
5.330121708476778,33.814622159841264,5.815034149499146,-9.658202455199575,
1.466200101897461,2.8231496118677595,1.6802230839587222,0.11015713905153013,
87.49918349583943,7659.288459760183,87.51736090490951,-2413.170020324751,
