MAE,MSE,RMSE,R2,MAPE
3.894327698426383,18.77247952812756,4.332721953706187,-0.9249540699938872,
6.868279312920796,53.12289708166502,7.288545608121351,-4.447289836912515,
7.2628716084024445,72.30229011382183,8.503075332714737,-6.413969338250883,
3.3118953257562262,13.923222048133717,3.7313833960253557,-0.42770500342406925,
100.43451038996379,10096.86474623133,100.48315652999426,-1034.3454299052,
