MAE,MSE,RMSE,R2,MAPE
13.458975173644825,204.80060439712966,14.310856172749752,-7.255507047867619,
26.895956135044703,801.683807496997,28.314021393948916,-31.315853473358032,
10.84035118542655,145.31934289238112,12.05484727785388,-4.85781894038374,
7.416625888051227,79.45327768328417,8.913656807578143,-2.2027595612883286,
184.46697031656902,34052.975619186764,184.53448355032933,-1371.6745634008519,
