MAE,MSE,RMSE,R2,MAPE
8.19047301519345,80.87250476264214,8.992914141847576,-4.768635660836603,
10.081898511097537,136.9646539691292,11.703189905710715,-8.769688591683622,
13.003366973619832,191.48196671507174,13.837700918688471,-12.658408439822916,
7.933441528684919,77.59259108093174,8.808665681074048,-4.534679422133328,
277.1738090515137,76839.36398169411,277.19914137979237,-5479.9517341122455,
