MAE,MSE,RMSE,R2,MAPE
13.056455995560096,179.08975091207083,13.382441888985388,-19.1766633139671,
20.523747571284932,468.89345891999864,21.653947883007355,-51.82661571959681,
3.221265845855387,18.197369900460913,4.265837537982537,-1.0501575540276873,
2.5106341415062676,14.174875729392822,3.764953615835502,-0.5969741074111128,
91.59110953013102,8397.77573512236,91.63937873601262,-945.1127324754467,
