MAE,MSE,RMSE,R2,MAPE
3.6409060344777537,18.371036414877196,4.286144702979263,-0.8225627202633037,
3.5430968934217058,17.173477854134205,4.144089508460719,-0.703754747819527,
23.453490079590765,733.0132853082484,27.07421809227828,-71.7211387038924,
7.337050978492602,67.44800738189792,8.212673583060386,-5.691414737534448,
87.44540557861328,7656.736131608926,87.50277785081413,-758.6132040249279,
