MAE,MSE,RMSE,R2,MAPE
9.358951013574982,154.16946525189812,12.416499718193453,-0.05650569372531877,
11.210766435065585,188.47139602692621,13.728488482965858,-0.29157289792412655,
30.748830743697134,1406.3211665922538,37.500948875891844,-8.637357937796025,
18.778206351291423,455.12683772553834,21.3337019226748,-2.118932109147407,
211.60098711649576,44920.70590031583,211.94505396521012,-306.83645433485015,
