MAE,MSE,RMSE,R2,MAPE
7.305946116377795,69.17685848228955,8.317262679649449,-3.2683137249430283,
12.446991133216265,187.9783476372868,13.710519597640594,-10.598540014906265,
9.885247075933288,119.07955248270848,10.912357787513589,-6.347383205499912,
8.173503201653261,82.84927014072919,9.102157444294686,-4.1119215963488935,
179.3561648686727,32184.83853737829,179.4013337112584,-1984.8517874057177,
