MAE,MSE,RMSE,R2,MAPE
3.7015018800536166,20.28309838017261,4.50367609627653,-0.16302760790794335,
7.661571329451621,79.59831676262165,8.921788876824067,-3.5641468676415693,
7.0784648943117485,76.06623016406651,8.721595620301741,-3.3616179368714594,
5.1502434147084575,39.57447904986686,6.290824989607234,-1.269190379146501,
135.2467947324117,18309.13007730696,135.31123411345772,-1048.840776668583,
