MAE,MSE,RMSE,R2,MAPE
8.070348503736593,80.34811664517821,8.96371109781982,-0.005390445448500092,
7.9460765797090955,107.35996888670162,10.361465576196334,-0.34338789070814624,
18.035788715841303,394.2553943442639,19.855865489679967,-3.9332905746962625,
13.925689439851347,249.12731643742774,15.783767498206116,-2.1173129390512715,
182.3817713737488,33342.97272812572,182.60058249667694,-416.2183195250943,
