MAE,MSE,RMSE,R2,MAPE
0.7520690972626685,0.7105263370635749,0.8429272430427047,-3.7521174268201616,
1.290663212494291,1.7819801695240922,1.3349083000431499,-10.918177520118704,
0.4604181700808222,0.40431809043646383,0.6358601186082233,-1.7041461284634325,
0.2310630478085534,0.13827660671967748,0.37185562617725376,0.07518322933701183,
1.8677055676778158,3.6377556219704577,1.90729012527472,-23.32991007359669,
