MAE,MSE,RMSE,R2,MAPE
10.976468413193208,170.01028091425184,13.038799059508964,-0.999730165694505,
23.03449277847523,618.5092843890955,24.869846891147027,-6.275158108695949,
11.51444572561044,178.78342113148372,13.370991778154817,-1.1029234140434965,
14.772138917487194,286.0008983823315,16.911561086497354,-2.364059048872103,
147.19777218500772,21752.318746411413,147.48667311459505,-254.85963235329558,
