MAE,MSE,RMSE,R2,MAPE
18.133045972476808,381.2500748560378,19.525626106633247,-6.185978865524391,
19.873213201211772,434.4943030067136,20.844526931708323,-7.1895508604843705,
5.363403030593144,51.74213652350137,7.1932007148071,0.02474012718460683,
5.428343281487155,81.78343101361511,9.043419210321675,-0.541492174226659,
161.78621664047242,26227.840128011645,161.9501161716522,-493.3545386041238,
