MAE,MSE,RMSE,R2,MAPE
5.785536803821295,41.69145379894049,6.456891961225655,-3.060717634800291,
12.21316211110955,178.83506690762638,13.372922900683545,-16.418406981311442,
6.850697168623053,57.38778500737489,7.57547259300533,-4.5895290129579775,
5.10398107796225,37.87881634328758,6.15457686143309,-2.6893694869056906,
310.8085130691528,96612.17720318469,310.82499449559185,-9408.95662078334,
