MAE,MSE,RMSE,R2,MAPE
18.998057725625724,427.2583576994837,20.670228777144285,-4.095106638264611,
36.31514555093904,1357.6578579886511,36.84640902433575,-15.190231133162566,
17.321805661084287,413.05352226144765,20.32371821939695,-3.925712289314977,
6.896385773946623,92.61916355871054,9.623885055356311,-0.10449452087820932,
209.75484759012858,44080.69023431319,209.9540193335512,-524.66746415785,
