MAE,MSE,RMSE,R2,MAPE
18.939607342119018,410.002720595621,20.248523911525528,-6.570871754889364,
38.05684430773604,1499.0259598320074,38.717256615519744,-26.680141445527948,
5.237665211146074,69.7208714597108,8.349902482047968,-0.2874250582868796,
14.92270033242463,298.5520128994925,17.2786577285243,-4.512887813384608,
179.49257599512737,32271.73379321869,179.64335165326517,-594.9110649350104,
