MAE,MSE,RMSE,R2,MAPE
16.071595316341362,296.22595894250725,17.21121607971114,-3.044991684474499,
37.02476944482264,1462.4561877826168,38.24207352880616,-18.96996866718588,
8.213496475434303,134.31783030190985,11.589556950199169,-0.8341218595002706,
7.377251286206715,103.60850667018134,10.178826389627703,-0.4147833276253954,
315.71730041503906,99750.73603028766,315.8333991684345,-1361.1051281364425,
