MAE,MSE,RMSE,R2,MAPE
5.745726417100765,58.746194441258034,7.664606607077628,-1.2922612267560036,
14.147605026810677,204.7705048824516,14.309804501894902,-6.990091838112995,
4.123387694245371,28.13126545649083,5.3038915389071475,-0.09767466095142607,
4.2267560170539715,36.66784790790479,6.055398245194514,-0.4307698877741373,
70.562388865153,5004.798978854748,70.74460388506496,-194.2859543677891,
