MAE,MSE,RMSE,R2,MAPE
10.80056390440464,148.15933166446055,12.172071790145692,-2.8818801260065428,
21.23960253709914,483.04545343824424,21.97829505303458,-11.656135287559017,
8.308515698339724,92.04325531486826,9.59391762080894,-1.4115989153414907,
5.1255590395228445,69.99567578466437,8.366341840055567,-0.8339366119053786,
56.440364042917885,3223.711973624825,56.777741885573654,-83.46355218937131,
