MAE,MSE,RMSE,R2,MAPE
2.878926742381962,15.022137919697322,3.87584028562805,-0.36447281629023,
5.483461495828201,43.897657119520446,6.625530704745126,-2.987259347411303,
5.59883736807926,50.167318048311884,7.082889103205829,-3.556737670032457,
3.86061606887056,19.80693850710803,4.4504986807219735,-0.7990800850952138,
105.40546328226725,11121.346083991635,105.45779290309292,-1009.1607702765747,
