MAE,MSE,RMSE,R2,MAPE
3.359530451213727,15.057863882636216,3.8804463509545157,-2.6413275082857344,
5.798992518687531,40.59474299562751,6.371400395174322,-8.816714742137059,
6.58466511886605,50.061963790409706,7.075447956872392,-11.106099994636752,
1.7445948701825509,4.86880589385384,2.206537081912253,-0.1773859142290144,
129.8216057141622,16857.77049149874,129.8374772224828,-4075.5850918500355,
