MAE,MSE,RMSE,R2,MAPE
5.446482220171024,46.15167263158566,6.793502236077181,-0.6797809990537944,
13.473028279234025,233.12811654649713,15.268533542763599,-7.485156835940874,
5.869922727542897,51.096088499292655,7.148152803297692,-0.8597427502192347,
24.611794146576717,636.9654630513161,25.238174717108922,-22.183612226327693,
166.95859101613362,27902.53878182882,167.04053035664376,-1014.5678396583244,
