MAE,MSE,RMSE,R2,MAPE
6.9760228030461775,77.75047769307277,8.817623131721653,-1.5704678073021698,
6.040572187404919,61.25329975936718,7.826448732302996,-1.0250632509813014,
5.752094872741961,51.704282536369234,7.190568999486009,-0.7093681955761681,
4.678218803189285,37.71873732775771,6.141558216589476,-0.24699941286310723,
201.43614683151245,40606.71677091199,201.51108349396563,-1341.4773881378487,
