MAE,MSE,RMSE,R2,MAPE
3.6546308600667508,22.685221691403836,4.762900554431495,-0.7573456889960533,
6.311051377423444,49.39428722429692,7.028106944568852,-2.8264046477246207,
6.341356208128352,50.59582131818139,7.113073971088828,-2.9194833396057667,
4.605976869261625,28.245917935357472,5.314688884154695,-1.188113600593383,
128.9923855781555,16652.006772936158,129.04265485852403,-1288.9733894441624,
