MAE,MSE,RMSE,R2,MAPE
269.3274793699093,73505.91456103101,271.1197421085949,-62.185745778843184,
282.81553125081126,85865.67289694631,293.0284506612734,-72.81020440594673,
46.380382409265394,2398.6220778361476,48.975729477325274,-1.061857548943741,
133.83853481888684,19170.927668966928,138.45911912534663,-15.479345495799308,
429.17061710357666,185350.8685579853,430.52394655580457,-158.32776199755602,
