MAE,MSE,RMSE,R2,MAPE
12.519250239943752,182.7845843893617,13.51978492393136,-3.320928848027193,
20.818531392912707,493.85484197284325,22.2228450467721,-10.674461719773811,
9.222144125134651,110.7394330703453,10.523280527969655,-1.6178203843960524,
32.092341056186285,1084.6671324179201,32.93428506006955,-24.640945152069936,
264.3123910903931,69903.31239836855,264.3923455744673,-1651.4765484126194,
