MAE,MSE,RMSE,R2,MAPE
49.82113716498778,3559.358859864173,59.66036255223541,0.004793066165568183,
77.17021866991165,9170.09059100898,95.76058996794548,-1.5639835991165776,
96.40552795339501,13192.708644221468,114.85951699455065,-2.688719130525568,
331.465408873163,113387.6495642247,336.73082657253804,-30.70351164361418,
3102.470622412364,9628900.092963446,3103.0469047314523,-2691.268050230234,
