MAE,MSE,RMSE,R2,MAPE
4.109233469840324,22.054679281950605,4.696240973582021,-2.0700442213774526,
7.482950451727617,59.53126050168052,7.715650361549603,-7.286840173825267,
2.775434684100269,11.286213357433436,3.3594959975319862,-0.5710577177868179,
2.4811583108615527,7.665519654048558,2.768667487086262,-0.0670517588086943,
54.24067869186401,2949.2999278744924,54.30745738731001,-409.5469449329126,
