MAE,MSE,RMSE,R2,MAPE
1.7208569035796202,3.417273351281612,1.8485868525123756,-6.193014348375364,
2.227585982676758,5.431432503707989,2.330543392367537,-10.432615396936775,
2.5106216282443685,7.6442643959993966,2.7648262867672893,-15.090402443976846,
1.4125362294723678,2.5662382072692536,1.601948253617842,-4.401671551769181,
24.646279430389406,607.9149199666467,24.65593072602709,-1278.5993449782416,
