MAE,MSE,RMSE,R2,MAPE
5.58538040038283,46.067523679507225,6.787306069384762,-2.1260583797478705,
11.025319217707825,123.72773866206748,11.1232971129098,-7.395939337713235,
5.180417748556901,39.00951317537599,6.245759615561265,-1.6471146224431377,
3.5148464984914627,18.49635735506019,4.3007391638019845,-0.2551291731428176,
83.08416169484457,6917.822935758648,83.17345090687681,-468.4308838562615,
