MAE,MSE,RMSE,R2,MAPE
6.5666825529739326,50.15473185693476,7.082000554711554,-3.680907854379882,
6.530971354390648,52.590248568587576,7.251913441884671,-3.908213013493654,
2.4724129401045065,12.527288194251584,3.539390935493222,-0.16916349727118996,
2.7916586696507246,15.788141079384827,3.973429385226926,-0.47349673397429903,
227.14641462961833,51606.18448619747,227.16994626534,-4815.370965456942,
