MAE,MSE,RMSE,R2,MAPE
0.7212622366139774,0.7422618948027114,0.8615462232536983,-1.5655775549346003,
1.9217090037260944,3.842549281290132,1.9602421486362678,-12.281509206973816,
1.997863907836414,5.888583141651947,2.426640299189797,-19.35348553438004,
0.8721546011616119,0.8832721593365717,0.9398256004900971,-2.052969905581428,
9.9499161084493,99.3007700299993,9.964977171574418,-342.22633097635065,
