MAE,MSE,RMSE,R2,MAPE
5.701630668714523,48.51870303185663,6.965536808592474,-0.8506480603522795,
12.045413985510136,154.38403599181427,12.425137262493894,-4.888667645753317,
6.041886042488659,48.426247320607686,6.958896990228242,-0.8471215237385739,
4.210586421746155,20.99233720585841,4.581739539286188,0.19928964080563083,
80.77334054311116,6550.585083387642,80.93568485771677,-248.85885485818224,
