MAE,MSE,RMSE,R2,MAPE
10.650488718519863,150.81060681575298,12.280497010127602,-3.0423372897755048,
16.719976196516424,297.1457135183959,17.237914999163788,-6.964712984145976,
15.249909367722694,265.3907130926957,16.290816833194576,-6.113549892451309,
20.175729820507392,454.73820442301474,21.32459154176264,-11.188832335052304,
174.07926082611084,30340.790784509914,174.18608091495116,-812.2565247173995,
