MAE,MSE,RMSE,R2,MAPE
530.2573045732216,344775.1105097815,587.1755363686242,-4.118351974289853,
1102.2845707152278,1245093.4242583327,1115.8375438469225,-17.4840094077706,
188.1870045234213,62864.63876968091,250.72821693953975,0.06674426850575665,
1044.21696786218,1161168.8545839787,1077.5754519215714,-16.238108895262553,
4410.381604766846,19518832.584195215,4418.012288823472,-288.76643686787924,
