MAE,MSE,RMSE,R2,MAPE
10.055517662068315,143.42539721678656,11.976034285888904,-0.7630657889159049,
9.597979047532556,124.62803674148638,11.163692791432698,-0.5319980434605491,
13.384278782186216,313.2779272345966,17.6996589581437,-2.8509887833530687,
20.471224438806342,491.9218415272338,22.179311114803223,-5.046980426390406,
175.82391255696615,30995.468627957674,176.0552999144237,-380.013763320939,
