MAE,MSE,RMSE,R2,MAPE
1.2941636465031274,2.090372605736086,1.4458120921254207,-0.6403774094351695,
1.5207223593625827,3.1091329373551586,1.763273358658594,-1.4398288704000168,
3.533303780223113,13.432333129627665,3.665014751624837,-9.540750372151923,
2.999798469875899,10.119537110979277,3.1811219893269227,-6.941101038752807,
44.646994495391844,1994.6241566041422,44.66121535072845,-1564.2407603451925,
