MAE,MSE,RMSE,R2,MAPE
6.885020403151665,59.139230626723716,7.690203549108679,-3.496314076568785,
13.414021041045922,216.39811492067616,14.710476366205011,-15.452596355237521,
4.695772377492295,31.34471575651715,5.598635169085154,-1.383116675487992,
5.9616515855127625,48.93735331694904,6.995523805759583,-2.7206725257867643,
204.7119825998942,41920.12074000935,204.74403712931263,-3186.1572723774057,
