MAE,MSE,RMSE,R2,MAPE
6.956750624262915,52.88192972722545,7.27199626837263,-10.640341443952757,
11.959413351640622,154.5300352226069,12.431011029783816,-33.015066821797824,
4.877903533705587,27.747518854173006,5.267591371222051,-5.107768671664109,
2.45260652186333,11.331978288747287,3.366300385994584,-1.494388862072237,
94.05680650075277,8851.203527805852,94.08083507179266,-1947.3220787333591,
