MAE,MSE,RMSE,R2,MAPE
2.260483039404689,7.225793744628721,2.6880836565532555,-2.2621445576850148,
3.5483349654888343,16.244082605043722,4.030394844806613,-6.333525912501948,
2.1627698404949376,6.862908299242401,2.619715308815521,-2.0983169115374825,
2.5275717870185352,8.768583291493629,2.961179375095948,-2.9586497032546366,
74.41315523783366,5539.504528436572,74.42784780199258,-2499.855295398329,
