MAE,MSE,RMSE,R2,MAPE
0.742474734041482,0.7630573380207814,0.8735315323563204,-0.46950932021154523,
1.1828482388107848,1.7100482713282075,1.3076881399355915,-2.2932412120516217,
1.7306767819351687,5.1445657301651995,2.268163514865099,-8.90749569164458,
0.769079581335396,0.8498695307321554,0.9218836861188918,-0.6366937766617768,
23.610707187652586,557.9755870086886,23.62150687421716,-1073.559256171448,
