MAE,MSE,RMSE,R2,MAPE
2.784698247943579,11.247303936533577,3.3537000367554604,-0.0945433781129641,
3.220394735859276,13.966094274922837,3.7371237971095947,-0.35912535955078617,
5.036396464592902,37.426535457948525,6.117723061560446,-2.6422032144205603,
2.678780986620195,9.759093459035016,3.1239547786475743,0.050283411718272,
74.12183287938436,5504.2688861320785,74.19076011291486,-534.6537970935184,
