MAE,MSE,RMSE,R2,MAPE
4.869041576367451,27.193394046184032,5.214728568792822,-6.333230373161966,
8.66607234105317,80.38201101450619,8.965601542256168,-20.676580849977924,
2.221531926072956,9.712413865999649,3.1164745893396355,-1.6191422901424333,
2.4350536567329404,9.899188417114345,3.1462975728805986,-1.6695096995522998,
52.09315697352091,2717.383880719451,52.1285323092781,-731.7956920636369,
