MAE,MSE,RMSE,R2,MAPE
8.363593353945891,76.40997622924661,8.7412800109164,-10.699969641591276,
13.944659174291239,216.10464629629328,14.70049816490221,-32.090152959708384,
5.629208482551775,36.720373157230206,6.059733752998576,-4.622659139148546,
1.6982473096453736,6.308899602479353,2.5117522971979844,0.03397517623356172,
101.66284233729044,10341.858678087974,101.6949294610502,-1582.5554274775832,
