MAE,MSE,RMSE,R2,MAPE
3.539586373618377,14.006456609657567,3.7425200880766916,-0.14726733360739974,
6.084829583507972,44.17838031966925,6.6466819030001165,-2.6186463146927004,
3.8215891973571545,28.024048757154976,5.293774528363952,-1.2954467779050218,
4.739237984784343,31.498738902797523,5.612373731568268,-1.5800582688480325,
67.75343640645345,4602.771203203623,67.84372633636528,-376.0124873598167,
