MAE,MSE,RMSE,R2,MAPE
7.100169971181809,86.09508088306718,9.278743496997166,-0.20370575075527642,
8.187452407525724,136.90446284957304,11.700618054170175,-0.914077872345711,
10.754049689589076,178.33243150585793,13.354116650151665,-1.493287318485939,
58.60493729896313,3504.540332395592,59.199158206815675,-47.99740273881368,
379.83535680770876,144346.40558665426,379.92947449053526,-2017.1245748696638,
