MAE,MSE,RMSE,R2,MAPE
12.30728308053572,169.16097349045293,13.006189814486522,-8.580255294954632,
18.94044032312016,406.8561803595896,20.170676249436696,-22.04187541457343,
15.940952781075952,286.42861002507067,16.924201902159837,-15.221585577326124,
10.802476908186513,132.77343118935386,11.522735403946141,-6.519484789751998,
199.4067905743917,39780.72771489378,199.4510659657997,-2251.940021944651,
