MAE,MSE,RMSE,R2,MAPE
5.400652361229618,40.52358715070084,6.365813942513624,-1.9862719855583113,
8.99685014521325,85.88049405152157,9.26717292660073,-5.328721900611176,
5.681555690129462,45.401985827832846,6.7380995709348825,-2.345771880020445,
5.258968264188898,37.77308689449873,6.145981361385562,-1.7835815911758566,
101.16137469609579,10247.256243861873,101.22873230393569,-754.1427798353968,
