MAE,MSE,RMSE,R2,MAPE
3.3903695207282927,14.712923833865078,3.835742931149724,-3.4470103828328904,
7.565042438980115,58.14907997043427,7.625554404135759,-16.575674645001538,
1.6228583041420563,3.5209745488932147,1.8764260041081329,-0.06422153430703781,
1.3354772224584202,2.648274371155446,1.6273519506103915,0.1995538236926544,
11.741353193918863,141.1638260226483,11.881238404419308,-41.66704613519509,
