MAE,MSE,RMSE,R2,MAPE
23.074710442862145,629.04972608579,25.08086374281775,-2.1683623277996773,
51.316711324173916,2774.9833635765544,52.678110858083684,-12.97688034002532,
18.09646930978368,391.0163932329388,19.774134449652628,-0.9694494067745434,
83.862288758137,7184.437943432126,84.76106384084692,-35.1861734970067,
252.94622650146485,64180.349837662565,253.3384097164553,-322.2599811718569,
