MAE,MSE,RMSE,R2,MAPE
2.2250472045705534,7.953092843935208,2.8201228419938036,-0.47752389007703067,
3.2618769521193793,13.548424499680666,3.68081845513748,-1.5170234101376483,
2.763722899869778,10.753862887199823,3.2793082940156486,-0.9978503505799052,
2.2964856594982477,7.093542687827034,2.663370550228983,-0.3178368456415144,
73.76228189468384,5446.249200166394,73.79870730687898,-1010.803013301315,
