MAE,MSE,RMSE,R2,MAPE
3.672663604207315,15.114359218449403,3.8877190251417866,-3.912568740703869,
6.999293067616006,52.040094527147424,7.213882070504578,-15.91441482516031,
2.112510143398604,5.7799659545554665,2.404155975504806,-0.8786426642567786,
1.1390983841504285,3.1267688384818286,1.7682671852641016,-0.016283034783437067,
30.887342834472655,957.0901620171836,30.93687382424384,-310.07975826203614,
