MAE,MSE,RMSE,R2,MAPE
1.6944040871609398,5.152388110715078,2.2698872462558746,0.019609304291445362,
2.3453110583046635,10.486961355625878,3.238357817725811,-0.995447376708561,
6.158341870540238,53.17389088874277,7.292042984564941,-9.117868988466055,
1.899335908460523,7.019455834460019,2.649425566884267,-0.3356542716046742,
98.4271089553833,9693.162447654771,98.453859485826,-1843.4042008227918,
