MAE,MSE,RMSE,R2,MAPE
51.72180931141205,3102.299003195956,55.6982854601105,-4.232298189524311,
100.67452558958169,10777.898142353295,103.81665638207241,-17.177866440023003,
28.568425651986118,1045.1939193208607,32.329459001363766,-0.7628108206625124,
18.324908358341837,531.0631243906649,23.04480688551468,0.10431566350959975,
329.7058180173238,109299.35340530476,330.6045272002559,-183.34290452003566,
