MAE,MSE,RMSE,R2,MAPE
8.595658985210573,87.54849962515195,9.35673552181272,-4.3070154614001375,
19.155941837553712,381.46818416029987,19.531210514463762,-22.123840614503653,
7.441333397820052,65.95976638169536,8.12156181911431,-2.998349503609677,
3.0484907959006287,16.871241966221127,4.107461742514606,-0.02270104400550399,
128.95568049748738,16646.070150371263,129.01965024898828,-1008.0515775577265,
