MAE,MSE,RMSE,R2,MAPE
5.858612711308738,44.69785476571898,6.685645426263569,-2.389933307335866,
10.011407981291718,103.84818372439858,10.190592903477137,-6.875957778261632,
4.3453830435044205,32.777217600083034,5.725139090020699,-1.485859382887758,
2.63871687873551,8.753886670538296,2.958696785839721,0.33609583393562437,
86.09677724838257,7425.916999971818,86.17376050731346,-562.1895201159141,
