MAE,MSE,RMSE,R2,MAPE
1.1456529467518275,2.0657700208245244,1.4372786858589828,-0.1498582018442176,
1.7859089591086221,5.097823587358221,2.2578360408493396,-1.8375734977212583,
3.777210226869798,16.31371235814517,4.039023688732857,-8.080611959918661,
3.700215912789641,15.802955320224795,3.9752931112340377,-7.796312079834241,
47.794807306925456,2286.131824978277,47.813510904118694,-1271.5169805684081,
