MAE,MSE,RMSE,R2,MAPE
21.029111260158423,516.1793243428996,22.719580197329783,-5.522446974496422,
25.077298799848624,708.9919705096576,26.626903134042035,-7.958829451140497,
12.805318449348352,204.86091433469633,14.312963157036922,-1.5886245106696149,
38.96461623138443,1610.2861219688739,40.12837053717574,-19.34759113546415,
324.12340825398763,105135.22091170005,324.245618184271,-1327.489676376484,
