MAE,MSE,RMSE,R2,MAPE
2.877299422437735,9.800554807116187,3.1305837805617323,-4.318110477398689,
6.093477817430352,39.76686000161276,6.306097049809237,-20.57883497312465,
3.539538525945748,16.01182558908051,4.001477925602053,-7.688554791381822,
1.2658065677319508,3.1800865566437944,1.783279719125352,-0.7256218621054222,
58.84310499827067,3464.363016649098,58.858839749430146,-1878.8798250662828,
