MAE,MSE,RMSE,R2,MAPE
0.6005322667959295,0.5064426156086214,0.7116478171178644,-1.7608755523966346,
0.931251581492936,1.2251206101099474,1.1068516658116152,-5.678753795481786,
1.1207164802884302,1.435475547885871,1.1981133284818557,-6.82550524793119,
0.4172565913949961,0.26722460114151486,0.5169377149536634,-0.45677683029088034,
20.337422434488932,413.7935992739155,20.341917295916712,-2254.7987751497485,
