MAE,MSE,RMSE,R2,MAPE
25.53269035929534,744.1360919167433,27.27885796577165,-5.304367708841342,
49.10511841460372,2484.8310738701807,49.84807994166055,-20.05164492651085,
7.712100953599445,133.5938252406689,11.558279510405903,-0.13181527827586903,
15.54490913198278,365.7466200403122,19.124503131854492,-2.098628337003159,
149.15819498697917,22366.09818570815,149.55299457285417,-188.48698861192912,
