MAE,MSE,RMSE,R2,MAPE
3.821332431459202,21.865807563726825,4.6760889174316205,-0.6873031936691534,
3.5120164152612205,19.67363750628653,4.435497436171791,-0.5181415686889295,
4.755772959026746,35.56190094212884,5.963379993101968,-1.7441798734266816,
3.2779291858277495,13.491463653763203,3.673072780896562,-0.041086163587639835,
98.40138133366902,9695.781692782959,98.467160478928,-747.1874779914707,
