MAE,MSE,RMSE,R2,MAPE
54.341360725378884,3131.183341657888,55.95697759580916,-16.141273699036322,
85.42831815332679,8073.942023443278,89.85511684619456,-43.199791245923684,
19.983828359130044,516.7114883357641,22.731288752197138,-1.8286727663510511,
159.06735990841398,25591.375431713965,159.97304595372924,-139.0968013509992,
879.4484739303589,773612.3702933718,879.5523692727863,-4234.044687334627,
