MAE,MSE,RMSE,R2,MAPE
29.12284724526505,999.6196475214405,31.61676212899481,-5.816853294523193,
35.388388467922724,1454.0917059783112,38.132554411923564,-8.916101450201333,
15.589141800161299,326.09925084784595,18.058218374132203,-1.223816586634272,
43.06532537751862,2010.8803965172267,44.842841084360685,-12.713092464598189,
326.5594474474589,106788.13435005058,326.7845381134955,-727.2360318398144,
