MAE,MSE,RMSE,R2,MAPE
1.728968099863544,3.6333834065020527,1.9061435954570822,-3.7019727898201173,
2.4388352802066096,6.444631173317556,2.538627813074921,-7.340017286130172,
3.130144525326845,11.63563804462821,3.4111051060658055,-14.057715456103956,
0.7186411169243231,0.7605387385346929,0.8720887217105223,0.015784448237744053,
36.88904101053874,1361.5889543328003,36.899714827255785,-1761.0365092039556,
