MAE,MSE,RMSE,R2,MAPE
2.7867981832623716,10.232664429700073,3.198853611795962,-3.1371348161712396,
6.157976139688219,44.29733067518831,6.655623988416737,-16.909707707002703,
1.5647187990536577,4.536205889402339,2.129837057007493,-0.8340184462511013,
2.0634377904258985,6.736987923242639,2.595570828015032,-1.7238093738787095,
41.84980303446452,1753.8651509993856,41.87917323681767,-708.0994363118838,
