MAE,MSE,RMSE,R2,MAPE
24.600823212177875,685.5228459731527,26.18249121021819,-7.539842215272369,
37.951400443181804,1663.7378900299416,40.78894323257151,-19.725872451787417,
14.355586397611164,383.75793138584135,19.5897404624421,-3.7806316042496304,
6.981921390429562,83.27632614984783,9.125586345536808,-0.03740770969887186,
181.64895677566528,33076.62325237948,181.86979752663575,-411.0492048493922,
