MAE,MSE,RMSE,R2,MAPE
28.609748047168157,995.1447283263508,31.54591460595731,-4.607947157864562,
65.58734795198443,4530.279306076739,67.30734956954359,-24.529519712748865,
32.3956214163472,1289.2909432542313,35.90669774922544,-6.265551708285758,
52.887904442448225,3044.822799011032,55.17991300293099,-16.158514611872057,
292.6037119865417,85794.00071634715,292.90612953017416,-482.4756280006002,
