MAE,MSE,RMSE,R2,MAPE
2.2772103307280185,7.1614418522316505,2.6760870412286013,-1.2302771921103255,
6.058907054416308,44.144058946602776,6.644099558751567,-12.747718667170611,
1.6830194736071675,4.576032010278789,2.1391661951047163,-0.4251068476819657,
1.5218013860297328,3.3518341031329375,1.830801492006421,-0.043856712964224664,
64.24336818059285,4130.41472995502,64.26830268456621,-1285.3289203841787,
