MAE,MSE,RMSE,R2,MAPE
1.479251607399337,2.741306546039491,1.6556891453529226,-2.14288744613552,
3.1580563909688797,11.879779841698378,3.4467056505739473,-12.620078710741085,
0.9069370694923246,1.1253134255490453,1.060807911711185,-0.29016342343600954,
0.9073696988458347,1.117832035047946,1.0572757611181418,-0.281586065198014,
23.645721785227458,559.995664199417,23.66422752171338,-641.0308394351002,
