MAE,MSE,RMSE,R2,MAPE
5.247822409776419,45.00995959427051,6.70894623575644,-1.4988128902923772,
9.480489827125295,99.9195974894436,9.9959790660767,-4.5472251130665375,
4.029819087332879,19.79584990098083,4.449252735120902,-0.09900398384629305,
4.668601551772955,25.32566842377342,5.03246146768889,-0.4060023000032047,
50.02383000055949,2520.4122160775078,50.203707194563904,-138.9254429721051,
