MAE,MSE,RMSE,R2,MAPE
2.779755651494851,10.265340224569568,3.2039569635951057,-1.4753896438979757,
4.230087600241894,22.850728843205257,4.780243596638696,-4.510237001069571,
3.2285789474764486,13.417580725222463,3.663001600494117,-2.2355226078026504,
1.9073770328065316,6.201912908268193,2.4903640111975984,-0.49553260287853584,
32.62731676101684,1068.6759934921465,32.69061017313911,-256.7011018730032,
