MAE,MSE,RMSE,R2,MAPE
14.07887657791669,238.13769592538284,15.431710725819832,-4.815782133357192,
27.734260594685527,789.7511809803948,28.102512004808304,-18.287248036458212,
5.072226600598762,40.148278472820316,6.336266919316161,0.01950155467851833,
4.3931216254000685,28.832611742080168,5.36960070601904,0.2958519751524086,
55.60164976119995,3132.4106599063293,55.967943145217774,-75.49951377680677,
