MAE,MSE,RMSE,R2,MAPE
12.997779269011868,194.66774027893953,13.952338165301883,-6.71931794327238,
19.94637191464735,430.6745502519823,20.752699830431276,-16.07788757760886,
5.6856928779161535,58.00271820509112,7.615951562680209,-1.3000288735954015,
7.753753291753643,83.56781260794293,9.141543229014614,-2.313782316577841,
397.54193054835,158064.60385302923,397.5733942972407,-6266.864058886049,
