MAE,MSE,RMSE,R2,MAPE
12.787609553403048,193.01917665550175,13.893134155240197,-5.169582344705308,
20.61564048504314,472.4197543054861,21.735219214571682,-14.10022281700614,
4.955791181098167,42.822196632200594,6.54386710074407,-0.368750363986144,
15.266728862496574,276.2113301343184,16.619606798426922,-7.828700729802261,
152.7539642016093,23365.01696848229,152.85619702348444,-745.8294014628904,
