MAE,MSE,RMSE,R2,MAPE
9.817790213353161,125.4397063400345,11.19998689017244,-2.13028364975481,
22.619358720741243,539.4546318175618,23.22616265803634,-12.461814149863626,
11.59049073735516,178.7865927940108,13.371110379995029,-3.4615278889555885,
18.860509669718063,419.71058889302293,20.48683940711751,-9.473662864606727,
113.8764228185018,13007.717683689183,114.05138177018804,-323.60093517361435,
