MAE,MSE,RMSE,R2,MAPE
26.006733818080153,755.7162177455189,27.490293154957786,-5.782245448749974,
29.93343975960212,975.0584044556163,31.225925197752208,-7.750752293781547,
7.00244734420854,116.16204452165967,10.777849716973218,-0.04250706716977781,
12.748782787183933,278.46844930981234,16.6873739488816,-1.499140985205007,
137.37685508728026,18983.718497970356,137.7814156480124,-169.37114641698264,
