MAE,MSE,RMSE,R2,MAPE
4.867573028168854,27.274863077661006,5.222534162421631,-6.431754431874265,
8.983401109738903,84.5839389388919,9.19695269852422,-22.04712076040967,
12.857808266455027,175.14501297474035,13.234236395604409,-46.72286932071835,
31.984848828937483,1030.3815916874007,32.09955749986907,-279.7545885286689,
71.27369966506959,5083.653831134789,71.29974636094289,-1384.175308931027,
