MAE,MSE,RMSE,R2,MAPE
6.154872874683207,50.69433926533986,7.119995734924275,-2.8467745449445707,
10.685835722086837,128.54839286565308,11.33791836562837,-8.754475403671353,
7.330634830225661,65.05524150030264,8.065682953123229,-3.93650475862274,
3.340172807191099,18.72155307297578,4.326841003893693,-0.4206239759039736,
141.9505825360616,20163.19529516762,141.9971665040103,-1529.0182925794159,
