MAE,MSE,RMSE,R2,MAPE
13.569504572120707,261.6807124858653,16.176548225312633,-2.0166249539623253,
21.23130817960443,518.459679131596,22.7697096848334,-4.976743149444583,
7.863257283256712,77.24471974807827,8.788897527453502,0.10953181478185614,
11.40067101619895,222.66481009476234,14.92195731446657,-1.5668541487841758,
157.3343424797058,24840.768984700015,157.6095459821518,-285.3615085842717,
