MAE,MSE,RMSE,R2,MAPE
0.4694765886403791,0.3325080364657282,0.5766350981909861,-1.1862396421262749,
0.44172497717548764,0.2927382061717101,0.5410528681854575,-0.9247530913842796,
0.9833407829472889,1.176418181824692,1.084628130662621,-6.734947077251615,
0.3821516310007466,0.23944565805387452,0.4893318485995721,-0.5743546993227304,
10.696494928995769,114.56852729768453,10.703668870891164,-752.287826605781,
