MAE,MSE,RMSE,R2,MAPE
8.92064268105411,91.07735968260947,9.543445901906159,-4.040902303082519,
17.538161425886813,334.5236368145855,18.289987337737156,-17.51504014972198,
3.983611947178781,29.625370235304455,5.442919275104533,-0.6396895734487746,
8.456486082219516,93.2380572467435,9.655985565789932,-4.160491467340953,
181.67339757283528,33023.296830752086,181.7231323490548,-1826.7562462244007,
