MAE,MSE,RMSE,R2,MAPE
5.238541244415379,33.56574252921664,5.79359495729695,-4.488000849192906,
10.801628429840669,117.86131988358086,10.8563953448454,-18.270332632894213,
3.5844543125010597,19.009207131650022,4.359954946057358,-2.1080064679091683,
2.404712932349008,7.039407576528059,2.6531881909370956,-0.15094354680741118,
41.253064441680905,1707.9429738306922,41.32726671134557,-278.2487752236431,
