MAE,MSE,RMSE,R2,MAPE
34.91636133156496,1347.9042310036973,36.71381526079382,-9.423422225119708,
63.911968953507994,4488.864078153925,66.99898565018671,-33.71264836295537,
41.27995488078236,1928.2244113906308,43.91155214053166,-13.911072109137356,
16.409527900269612,417.3589077590494,20.42936386085111,-2.2274608350683542,
414.98995876312256,172345.97936877207,415.1457326876576,-1331.761534864233,
