MAE,MSE,RMSE,R2,MAPE
5.570791405617679,37.90130437669283,6.156403526141933,-2.277639390537724,
10.839916589444263,143.09299051461284,11.962148239953091,-11.374434862694304,
5.699339534435097,44.04396395584137,6.6365626611854855,-2.8088459896346687,
2.811542659902561,11.080413392300006,3.328725490679579,0.04178497296315986,
150.92373132705688,22789.533817571064,150.96202773403337,-1969.7995532311083,
