MAE,MSE,RMSE,R2,MAPE
7.695545000129969,68.70057119300533,8.288580770735441,-5.52081810893362,
15.989493383921687,271.52499694230096,16.47801556445135,-24.77220372906841,
4.668976661552024,36.88988122342432,6.073704077696272,-2.501458595479729,
2.576387302238365,10.876983237692203,3.2980271735830504,-0.032405233832059954,
115.73697430292765,13405.609178493418,115.78259445397403,-1271.4135705775143,
