MAE,MSE,RMSE,R2,MAPE
9.21716964419556,101.02713729941257,10.051225661550564,-0.8495719087540827,
17.097418021002046,345.9618694961722,18.600050255205556,-5.333757170845686,
6.172598203720846,84.63148291807079,9.19953710346726,-0.5494056110642154,
12.47971640873978,187.45405302947094,13.691386088686235,-2.4318477186765106,
146.19541206359864,21427.6934076714,146.38201189924737,-391.29122843268476,
