MAE,MSE,RMSE,R2,MAPE
1.7692680389377387,5.010588381299071,2.2384343593903018,-0.012427529994833986,
2.263107226533303,7.563026816533721,2.750095783156238,-0.5281671485380985,
19.59102060909785,409.54318220579563,20.237173276072813,-81.75131797582185,
2.1187325514937365,6.921969341064012,2.6309635765369332,-0.3986366050001653,
59.68053668340047,3566.692288936513,59.72179073785809,-719.6773315918246,
