MAE,MSE,RMSE,R2,MAPE
11.115961470506704,145.9436681220491,12.080714719007693,-4.531963572066422,
21.324696526163674,470.22668188908636,21.684710786383256,-16.82384195420323,
5.59812454088365,36.306020411998446,6.025447735396802,-0.3761719501110168,
3.6715210508124057,31.690113930372398,5.629397297257709,-0.20120700070967468,
136.72798557281493,18720.922524141766,136.82442225034887,-708.6125701899066,
