MAE,MSE,RMSE,R2,MAPE
2.9395316435731407,11.615790654443975,3.4081946327115733,-0.7614994640880548,
5.630219021361843,36.010896416008386,6.0009079659671825,-4.460943350753393,
2.9109163793257364,15.188731645702378,3.897272334043693,-1.303325141611957,
2.8276272096918484,10.930980242270328,3.306203297177947,-0.6576500396337415,
52.93825963338216,2809.0720055935712,53.00067929369935,-424.9872598982107,
