MAE,MSE,RMSE,R2,MAPE
5.050477307863877,32.38337123740369,5.690638912934443,-3.477452976393308,
10.039501796719684,109.97529003823705,10.486910414332577,-14.205618528767488,
4.493318882807821,30.406591877175863,5.514217249726008,-3.2041356443206706,
2.3242145762680115,8.440302314096805,2.905219839202673,-0.16698957748606302,
92.94911216100057,8646.782799030994,92.98807880062365,-1194.5383859179624,
