MAE,MSE,RMSE,R2,MAPE
1.885438220342372,5.056461062816259,2.2486576135143963,-0.4426620121924558,
4.137593175303466,19.114495573194098,4.372012759953257,-4.453568474689158,
4.23519159425421,23.462125655185385,4.843771841776343,-5.693993484282853,
1.3230869993288357,2.6464628996545203,1.6267952851095064,0.24493604428512794,
73.06257572174073,5341.66838764158,73.08671827111668,-1523.034689251173,
