MAE,MSE,RMSE,R2,MAPE
37.396966606586,2655.449708561,51.53105576796385,-0.6723772775947612,
60.70771072610781,4430.250845319455,66.56012954704532,-1.7901303586623887,
34.45214833867909,1267.9042666512657,35.60764337401825,0.20148580525665916,
50.49428203421818,3837.349965821023,61.946347477644096,-1.4167269552605393,
443.9033377011617,198636.20396006206,445.686216928527,-124.0992149990685,
