MAE,MSE,RMSE,R2,MAPE
14.026245123409815,217.57642245659864,14.750471940131225,-6.469407645932694,
24.169388107849624,639.6468764866343,25.291241102141157,-20.959103913841062,
3.2500109012324616,37.5445381932499,6.127359806086949,-0.2889055600664321,
4.307652828226172,48.87204296906415,6.99085423743509,-0.67777927085963,
101.25833101272583,10282.350742570148,101.40192672020659,-351.993529296749,
