MAE,MSE,RMSE,R2,MAPE
6.910596911364336,63.98240849708157,7.998900455505217,-2.6867172752123345,
6.319994827514522,60.00284485656628,7.746150324939885,-2.457411652527564,
4.473987861447918,33.04376655985742,5.748370774389681,-0.9040081152910444,
3.6679922935045592,20.367270587973685,4.513011255024042,-0.17357833331690964,
116.5373753229777,13598.309372858423,116.61178916755554,-782.5454034351594,
