MAE,MSE,RMSE,R2,MAPE
33.636552953625056,1215.9772400839222,34.87086520412022,-10.621717948053115,
57.249826870717634,3639.0701670317326,60.32470610812565,-33.780459436476356,
11.101054771591237,218.57168285411407,14.784170008969529,-1.0890016406775156,
10.673366671623263,150.76238280022258,12.278533414061412,-0.440913392391848,
186.00744530359904,34703.39239648772,186.28846554869605,-330.67811450546236,
