MAE,MSE,RMSE,R2,MAPE
58.66243411844325,5097.791857439907,71.39882252138271,-1.3303000600622283,
103.83430184910267,11389.563895671517,106.72189979414496,-4.206391742226756,
54.913060281937156,4760.562136098054,68.9968270002183,-1.1761457787824234,
108.59507276063897,13723.450819106363,117.14713320908183,-5.273256963473734,
473.3995004336039,226294.28549138384,475.7039893582813,-102.44353041850867,
