MAE,MSE,RMSE,R2,MAPE
12.084787488344912,174.3524260470299,13.204257875663815,-3.363277101394048,
16.110401731823025,286.0434151360024,16.912818071983224,-6.1584130577615905,
9.068757136458165,95.97236936935596,9.79654884994486,-1.4017677937150554,
7.779404862435286,97.3513746633412,9.866680022344964,-1.4362782525504487,
127.00781339009603,16170.905755344933,127.16487626441875,-403.6868999234079,
