MAE,MSE,RMSE,R2,MAPE
1.9251565909777297,5.249874052659024,2.2912603633500543,-0.6847787134079366,
2.039909301068049,5.800431903849544,2.4084085832452815,-0.8614625993224179,
8.815252429724758,84.13750066829513,9.172649599123208,-26.00123254452033,
2.7261520350067743,9.913957023689,3.1486436800135067,-2.1815665655240752,
56.631151580810545,3210.182460514879,56.658472098309176,-1029.2051099476648,
