MAE,MSE,RMSE,R2,MAPE
1.7108636651792428,3.806767027499211,1.951093802844756,-3.1196492653699694,
3.2584718757080413,11.303243142106838,3.362029616482704,-11.232268738880219,
1.3875423693457403,3.2822033581733048,1.81168522601839,-2.551971149171225,
1.2277250406960312,2.709449103669471,1.6460404319668065,-1.9321416122546182,
30.048372077941895,903.8354017497489,30.06385540395225,-977.1225964016511,
