MAE,MSE,RMSE,R2,MAPE
3.8503431515392323,24.687349633116234,4.968636597006893,-0.13575329350748144,
4.921594644601054,33.7271857545152,5.807511149753842,-0.5516352654577763,
10.971608873437882,150.09887928208903,12.251484778674339,-5.9053705249807225,
3.298521162563401,18.90825294648267,4.348362099283208,0.1301168056682367,
157.14508040746054,24716.346934092267,157.21433437855552,-1136.0873281679774,
