MAE,MSE,RMSE,R2,MAPE
15.01407849189358,278.63595875451085,16.69239224181216,-3.8614411448234787,
31.21981836809731,1079.876222391552,32.861470180007956,-17.840908841475404,
9.0772445931202,116.12084213614808,10.775938109331738,-1.0259934943629498,
22.052858717824673,536.6403401115726,23.165498917821147,-8.362917266859155,
453.1685393333435,205419.15296979382,453.23189756436363,-3583.0066251534267,
