MAE,MSE,RMSE,R2,MAPE
13.851077017487139,226.90590651889536,15.063396247821915,-4.822202801917471,
33.86845545913097,1189.4441275487272,34.48831871153953,-29.520073445341513,
10.239746602690293,142.10206044459872,11.92065687974445,-2.6462118909623533,
6.307222274840623,59.75852413318945,7.730363777545624,-0.5333503300308986,
260.4231307029724,67859.15590709083,260.4979000051456,-1740.2053027589125,
