MAE,MSE,RMSE,R2,MAPE
1.4763390253438449,3.022461547944972,1.7385228062769185,-2.3455278708245952,
3.4915712751877863,12.966594374972543,3.600915768936083,-13.352573947762215,
1.9300913771676342,5.0865851171901,2.2553458974600993,-4.630282472394548,
0.8676807835309414,1.222139775927562,1.1055043084165534,-0.35277243979794215,
32.190321095784505,1037.137916666132,32.20462570293485,-1146.9960128705907,
