MAE,MSE,RMSE,R2,MAPE
16.093057241388866,329.9972689420391,18.16582695453304,-3.087810835965918,
40.71386004043993,1751.2038290551768,41.847387362357246,-20.69287646333248,
17.665527534746328,363.4124434781654,19.06337964470533,-3.5017382390392484,
22.93563840556283,608.8505734488734,24.674897638062724,-6.54208051359817,
213.32278337478638,45587.326221260206,213.5118877750375,-563.7088132196382,
