MAE,MSE,RMSE,R2,MAPE
15.911014365734877,325.51406901194304,18.04200845282872,-3.409217456354993,
28.438534634743856,820.5372627637861,28.645021605224635,-10.114503387056638,
11.876081280929172,169.19479656217015,13.007490017761695,-1.2918107742340967,
25.737581705878597,743.3824413042333,27.265040643729716,-9.06941066140572,
183.5704171816508,33771.828138689634,183.77112977475443,-456.45283641386237,
