MAE,MSE,RMSE,R2,MAPE
2.545214069615336,7.934186535454726,2.816768811147753,-3.62835678261498,
5.191616058175591,28.571275718118315,5.345210540111429,-15.666870279265083,
1.6437656838682355,3.762825694974214,1.9398004265836768,-1.195020214020428,
1.0238150106206214,1.619314407132658,1.2725228513204225,0.05538333565168063,
32.680910460154216,1069.7437938561145,32.70693800795352,-623.0281750157347,
