MAE,MSE,RMSE,R2,MAPE
2.5771982202727934,7.505504627709601,2.7396176061103126,-5.554270626434454,
4.825626679123188,25.018541700368456,5.001853826369625,-20.847737243084012,
2.1877247240255144,5.652553047221763,2.3775098416666465,-3.936158758065271,
0.7847207403967642,1.2940240314083113,1.1375517708694893,-0.13002177996764375,
28.47215436299642,811.8074615447878,28.492235109671334,-707.9204608414226,
