MAE,MSE,RMSE,R2,MAPE
2.3237391871062574,6.056252426443555,2.4609454334551093,-5.238916137372725,
4.288089130338928,20.062213410699467,4.479086224968154,-19.667313411989095,
2.2944339418708486,6.186999026640181,2.487367891293964,-5.3736062091259535,
0.7738836056676582,1.0697495019570944,1.0342869533920915,-0.10201440771612713,
31.217966079711914,975.5329882296693,31.23352346805703,-1003.9562128934562,
