MAE,MSE,RMSE,R2,MAPE
1.702790867932516,4.731216232316962,2.1751359112287587,-1.189272660394996,
2.941767582176568,11.1171871646477,3.3342446167981885,-4.144248904501738,
4.4276545483461796,26.427239821642214,5.140743119592946,-11.228659775900772,
1.513755871372202,3.8223392782240193,1.9550803764101412,-0.7687086088795729,
101.33230082194011,10270.417349982054,101.34306759705892,-4751.423649880604,
