MAE,MSE,RMSE,R2,MAPE
15.990868767779835,501.0367314939293,22.38384979162274,-1.0086733029569834,
30.93424043795922,1084.7464804990482,32.93548968057175,-3.348785545838541,
12.042446488787409,291.27497280279846,17.066779801790332,-0.16773127579687563,
11.803367894062442,211.12935367957166,14.530290901409085,0.153575238002572,
200.6705560684204,40518.18658033814,201.29129782565897,-161.43878852052035,
