MAE,MSE,RMSE,R2,MAPE
11.58481850038627,142.7480056815988,11.947719685429467,-15.433502728400825,
19.033979689468577,396.84339555531267,19.92092858165283,-44.68559113990303,
6.643242418403681,49.53258592379172,7.037939039505225,-4.702313542222109,
2.0190700490915563,8.044053228284902,2.8362040173945355,0.07394873894576703,
69.12859595616659,4787.416091867298,69.19115616801976,-550.1391562497525,
