MAE,MSE,RMSE,R2,MAPE
6.692392768805413,66.1402064930984,8.132662939843161,-1.9226519090593608,
11.413834594698056,180.8218205800958,13.447000430582866,-6.990287105818938,
4.52504145023258,35.49946311253966,5.958142589141322,-0.568676288412749,
11.541950516225006,158.3092811894738,12.582101620535171,-5.995486519058733,
291.5762239138285,85039.32140107705,291.6150225915617,-3756.779847027013,
