MAE,MSE,RMSE,R2,MAPE
3.212448686622318,13.927318566084411,3.7319322831590087,-2.3395992624523116,
3.425402177773815,15.336516569344997,3.9161864829633686,-2.6775075676302147,
3.5651661672964705,17.42004996587146,4.173733336698867,-3.1771131852743,
2.221390303980264,6.714863243224001,2.591305316481252,-0.6101414086375467,
77.05067049662271,5941.01735780276,77.07799528920533,-1423.5827071587232,
