MAE,MSE,RMSE,R2,MAPE
1.8663670779162704,4.116107426231557,2.0288192197018335,-5.502559243344251,
3.852882125450939,15.959877066468012,3.994981485122054,-24.213152960930817,
0.9339243282203044,1.19972375771631,1.0953190209780481,-0.8953039856251359,
0.6357043156098807,0.6769919950469017,0.8227952327565478,-0.06950088984743741,
17.111331462860107,293.42463286840416,17.12964193637462,-462.5474396328346,
