MAE,MSE,RMSE,R2,MAPE
9.020707495997287,90.6268614152068,9.519814148144217,-7.260728091400738,
16.6178179164757,285.3665786190289,16.89279664883908,-25.01144600545086,
6.200798531919219,40.92397866067914,6.39718521387955,-2.7302611483512234,
4.303168191298431,19.89453117942656,4.460328595454214,-0.8134062022317894,
75.59649744033814,5725.742732753491,75.66863770911625,-520.9071155944704,
