MAE,MSE,RMSE,R2,MAPE
4.570778825233395,26.82435531772707,5.179223428056282,-3.278433942165374,
8.629151109416648,75.2988270164588,8.677489672506606,-11.010020501762217,
3.51159035904833,18.291735889206773,4.276883899430375,-1.9174972804579618,
2.4876383006374407,8.849563696012853,2.9748216242344436,-0.4114886729581264,
60.73460502624512,3695.0118758658155,60.786609346679434,-588.3474060851354,
