MAE,MSE,RMSE,R2,MAPE
2.3086155856476553,6.964904397537343,2.6391105315119607,-3.063640876113408,
5.232774052453735,28.197386060788048,5.310121096621813,-15.451632937945774,
1.6637480846673935,3.6200653798417446,1.9026469404074273,-1.1121102045462856,
0.977051125197166,1.5019131458191042,1.2255256610202432,0.12371580378323987,
36.87702563603719,1361.6158422878784,36.900079163707474,-793.4283910402294,
