MAE,MSE,RMSE,R2,MAPE
19.101987776863893,423.10210909230676,20.569446008395722,-6.114513497560925,
28.281179723018056,865.1400309009954,29.413262840103194,-13.547434992300126,
5.990024297332096,65.66100041281783,8.103147562078444,-0.10409771934847578,
18.04785372302079,392.0222013019884,19.799550532827467,-5.591901062582663,
158.3959444363912,25148.663459809133,158.58330132712314,-421.87783914448613,
