MAE,MSE,RMSE,R2,MAPE
10.593674920013784,130.31538757739298,11.415576532851636,-4.480591891772656,
22.55543953352653,530.7666650081208,23.03837374920636,-21.322118168425387,
8.236189716240261,99.08192117002575,9.9539902134785,-3.1670257356461606,
10.501811538455687,147.92498095008702,12.162441405823381,-5.221187430411433,
157.36849590937297,24788.604003150533,157.44397099651206,-1041.5186513553233,
