MAE,MSE,RMSE,R2,MAPE
10.535100315948899,128.51145059671683,11.3362891016733,-4.507092743143749,
22.558342393988063,531.6610367864608,23.05777605898845,-21.783235454147164,
8.062265738431313,95.42779384084537,9.768715055770915,-3.0893609753445848,
10.401698902361073,144.7635708591088,12.031773387955276,-5.203543784215453,
155.91090618769329,24331.605570546693,155.98591465432605,-1041.6806937779365,
