MAE,MSE,RMSE,R2,MAPE
9.044850214542283,93.16940231246268,9.652429865710637,-4.30108430343414,
18.320486674054173,354.5472227118266,18.829424386099184,-19.17276778099955,
5.107573283723624,35.803777336979834,5.98362576846011,-1.0371370571658867,
3.578596012103736,17.58708597913679,4.193695980771233,-0.0006571161042836504,
91.34075384140014,8360.886343305056,91.43788243012332,-474.71157759120507,
