MAE,MSE,RMSE,R2,MAPE
37.54130970870847,1708.637883746588,41.33567325865865,-4.691275413739791,
84.00183296400974,7516.183653815231,86.69592639689152,-24.03553950256194,
17.399435311259065,327.3473145612097,18.092742040973494,-0.09035609056662341,
15.537291538001051,592.4774598763196,24.340859883667207,-0.9734739775260675,
166.54280427296956,28036.714494113578,167.4416749023778,-92.3870572578596,
