MAE,MSE,RMSE,R2,MAPE
5.092625895982424,35.59622631589668,5.966257312243303,-2.3996438983465036,
11.833789996909847,144.0361320213499,12.001505406462554,-12.75627722507019,
3.5133366506648964,20.61911066651235,4.5408270905763795,-0.9692434008218334,
3.1466879946524813,10.789561961252703,3.284746864105772,-0.03046508812152715,
57.73687632878622,3344.0427432835595,57.82769875486625,-318.3752732979128,
