MAE,MSE,RMSE,R2,MAPE
2.018680043903104,4.688716241735445,2.165344370241243,-6.300207047018789,
3.61645428324676,13.551253321988858,3.681202700475601,-20.09894263093724,
0.6024800738154532,0.7692730165082328,0.8770821036301178,-0.19773771895315084,
0.8481720659030648,0.8295496202159763,0.9107961463554709,-0.29158679500531104,
4.878322664896647,24.436749784308144,4.943354102662295,-37.04737241160324,
