MAE,MSE,RMSE,R2,MAPE
31.481000271847414,1430.0124365867052,37.81550524039981,-2.1293170522248763,
70.01300549354714,5366.344391228878,73.25533694707082,-10.743249626322847,
25.23336904741014,1132.9352185679409,33.65910305649782,-1.479218647211963,
33.710932359168886,1534.1198189312856,39.16784164249143,-2.3571367539968455,
374.14797728856405,140443.42589020234,374.7578229873292,-306.3343953288363,
