MAE,MSE,RMSE,R2,MAPE
7.13496710828278,68.23870509752095,8.26067219404819,0.004337099394310373,
6.654584040572941,71.63858551906455,8.463958029141246,-0.045270154984108135,
12.683333590490987,284.4088324938024,16.864425056722283,-3.149775742578453,
36.51934723522352,1399.0036145377924,37.40325673705155,-19.412696794551962,
395.25008827845255,156290.22373815638,395.3355836984022,-2279.4122276508183,
