MAE,MSE,RMSE,R2,MAPE
3.274104221957932,14.608281519235891,3.822078167598864,-2.07360508433275,
4.101824416495512,27.65203842101185,5.258520554396631,-4.818031763083942,
10.696567987472603,132.5516653762726,11.51310841503165,-26.889075939617786,
2.437357929462661,8.072404822816534,2.841197779602211,-0.6984464923906331,
126.58185596466065,16027.724577237135,126.60064998741963,-3371.2581048299653,
