MAE,MSE,RMSE,R2,MAPE
2.758495516095821,11.738883529330396,3.4262054126001256,-0.012078200591348232,
3.6265063667636444,21.962574408464814,4.686424480183674,-0.8935227300053614,
5.2780644147384415,43.38626909707411,6.58682541874871,-2.7405854695147065,
4.692463179724155,30.906859404359967,5.559393798280525,-1.6646621523877316,
106.46021664937338,11345.387382944791,106.51472847895164,-977.1525831526438,
