MAE,MSE,RMSE,R2,MAPE
10.686787607249354,131.28738344830472,11.458070668673008,-6.337377129277775,
21.13784175817793,470.50812821440866,21.69119932632607,-25.295714701779108,
4.299304266179024,26.58370933173486,5.155939228863628,-0.485707885547461,
24.61483681159131,632.6797987319648,25.153127016972757,-34.359150006976,
226.7602332433065,51438.12670181002,226.79975022431137,-2873.7692620697653,
