MAE,MSE,RMSE,R2,MAPE
1.8697245127689608,4.593559300255575,2.14325903713377,-3.1097323178922442,
2.1746009863187843,7.108702005940413,2.6662149211832893,-5.359961951607612,
2.1387846312720855,6.317377268807336,2.5134393306398577,-4.651985275228916,
0.9815161607752302,1.5037106230898323,1.226258791238551,-0.3453289139265787,
68.81720994313558,4736.92967268905,68.8253563208288,-4237.001882842743,
