MAE,MSE,RMSE,R2,MAPE
7.65854678569099,86.91270464857264,9.322698356622542,-1.0492350774785155,
12.946006444223569,221.16490772155993,14.871614159920904,-4.214644839818166,
5.765838091388823,43.60059474300797,6.603074643149808,-0.028018498648398005,
6.54098187986128,73.90549464921129,8.596830500202461,-0.7425499835259328,
200.91903982162475,40410.860116335236,201.0245261562261,-951.8106667065009,
