MAE,MSE,RMSE,R2,MAPE
1.6990052569775225,3.2898738881056784,1.8138009505195654,-7.174250421694023,
2.916111008614363,9.715708517034619,3.1170031307386616,-23.140327910306613,
0.6668291181042653,0.6740054429830974,0.8209783450147131,-0.6746809950520734,
0.6392031434726682,0.6413107546667548,0.8008188026431166,-0.593445489118773,
10.178463617960611,104.00352367926607,10.198211788312012,-257.41441836617787,
