MAE,MSE,RMSE,R2,MAPE
0.6129181770893162,0.6162330222872247,0.7850051097204557,-0.26916149727581384,
1.5986581665915354,3.1262052146385333,1.7681078062829012,-5.438569741484549,
0.7578649738914394,0.765952255039144,0.8751869829008793,-0.5775154457629255,
0.8213302341891787,0.9440685444179749,0.9716318975918683,-0.9443544958323389,
25.706815242767334,661.3246551467508,25.716233300130696,-1361.0298801842737,
