MAE,MSE,RMSE,R2,MAPE
0.8807446709170484,0.9251377916862199,0.9618408349026464,-4.777182919621104,
1.4809055052886881,2.3922214342876287,1.5466807796981343,-13.938640421258931,
0.3613746463580033,0.3003493145302526,0.5480413438147277,-0.8755832324841433,
0.4345546951879741,0.32088587379036415,0.5664678929916188,-1.0038273280680619,
18.99865105946859,361.1093428221497,19.00287722483492,-2254.009736079728,
