MAE,MSE,RMSE,R2,MAPE
0.3247595561338844,0.14931208109302202,0.3864092145550129,-2.022670129251696,
0.8594986075709411,0.8386061037219457,0.9157543905010479,-15.97672151759285,
0.6534234631748262,0.7573321732034621,0.8702483399601876,-14.331414049725943,
0.6400203763043018,0.47784371081728594,0.6912624037348523,-8.673456431421323,
6.358852322896322,40.48432345045761,6.362729245414864,-818.5636568780038,
