MAE,MSE,RMSE,R2,MAPE
20.590308912655345,575.3794153997745,23.987067669887757,-2.067123663599761,
27.558916098933683,1056.7868741122945,32.5082585524401,-4.63331941014849,
12.788006484612131,270.0040695108163,16.431800555959054,-0.4392865797770491,
78.6850751428972,6406.57366957654,80.0410748901871,-33.150950101161826,
434.32227595647174,188823.47979305184,434.5382374349257,-1005.5444602569416,
