MAE,MSE,RMSE,R2,MAPE
10.189854222237848,115.93377430494293,10.767254724624236,-7.20836534100917,
16.292337963473138,301.03971221912576,17.350496022279184,-20.314271486988858,
6.1377836245515365,45.60369582496973,6.753050853130734,-2.228841625107398,
8.516985768588873,90.07011948595823,9.490527882365566,-5.377161888169222,
91.7048836072286,8423.831724623764,91.78143453130248,-595.4257506619201,
