MAE,MSE,RMSE,R2,MAPE
10.569424597975095,156.7100514967241,12.518388534341156,-0.5021077906513554,
25.794422048429002,752.978588180423,27.440455320209665,-6.21750131977409,
14.096782509194036,353.0318232187643,18.789141098484635,-2.383904522651779,
23.227928003022285,636.7833717341351,25.234567001122393,-5.103739067810068,
210.32471097310383,44340.73187802489,210.5723910630852,-424.0177838691885,
