MAE,MSE,RMSE,R2,MAPE
10.090494897053519,113.53961399873111,10.65549689121681,-5.520161204563382,
16.180681019091633,283.5655584337044,16.839404931104436,-15.284123998082752,
3.8605451064216774,29.45469059148215,5.4272175736266695,-0.6914742275691217,
2.57129402809177,15.529383543897426,3.940733883922819,0.10820478819985613,
91.01840540568034,8301.802148161483,91.11422582759228,-475.74187350159906,
