MAE,MSE,RMSE,R2,MAPE
14.402471487733916,238.8847761252656,15.455897778041416,-6.552038934168803,
27.459758976568967,786.151800903531,28.038398686507243,-23.85319116977608,
5.031525518752658,32.61390574717293,5.710858582312552,-0.031047227006240297,
4.059150534525959,30.507280699364614,5.523339632809539,0.03555104953023147,
59.412939357757566,3561.4922951200115,59.678239711975515,-111.59205761351917,
