MAE,MSE,RMSE,R2,MAPE
2.9150721392000065,9.37010895431602,3.061063369862836,-7.402191049690446,
6.006835016951681,39.427912582429904,6.279164959007678,-34.35506959665358,
5.259488105063243,29.90671805600748,5.4687035077802015,-25.81739988306723,
0.9367594338951848,1.2225966906888166,1.1057109435511692,-0.09630432495185226,
11.955001227060954,144.0492125263105,12.002050346766193,-128.1691494842252,
