MAE,MSE,RMSE,R2,MAPE
0.686210110333262,0.812948227486387,0.901636416459754,-0.0013117441028493992,
1.4951010572295815,2.933109663527743,1.712632378395242,-2.6127234841422493,
0.7405323024042768,1.0892745466479488,1.0436831639189879,-0.3416640312794854,
0.8050632781546163,0.8241320057106516,0.9078171653536034,-0.01508685068500304,
21.95934575398763,483.0266446772029,21.977867154872033,-593.9459457281077,
