MAE,MSE,RMSE,R2,MAPE
0.9788387081933846,1.5313220523155942,1.2374659802659604,-1.2801617441690798,
1.0063051156381957,1.5506965974643472,1.2452696886475425,-1.309010735530538,
0.9549165431545615,1.3408922038102564,1.15796899950312,-0.9966088136452942,
1.2226820550655246,2.245456144991169,1.498484616201037,-2.34351823137139,
19.183608976999917,368.6850880658681,19.201174132481277,-547.9776838139247,
