MAE,MSE,RMSE,R2,MAPE
8.99742297206056,101.71528175894238,10.085399434774132,-0.2936236120398894,
15.764054518362363,298.32291353243846,17.27202690862999,-2.7940962093846675,
8.615940469852228,129.86751153394178,11.39594276635074,-0.6516660668090806,
7.044039531336746,86.12884553751132,9.280562781292486,-0.09539398936252441,
212.36212056477865,45175.95036927376,212.5463487554509,-573.5515824508527,
