MAE,MSE,RMSE,R2,MAPE
3.4135609573287717,16.23140501695351,4.028821790170609,-1.7930152767151823,
5.837589611856146,44.61268600450264,6.679272864953388,-6.676717660345866,
2.7376103011048345,9.706789112332947,3.1155720361328427,-0.6702934989473301,
6.177357516261716,43.88480566922273,6.624560790665501,-6.551467819439676,
88.35516554514567,7812.438339840623,88.38799884509561,-1343.3235264463708,
