MAE,MSE,RMSE,R2,MAPE
32.8462455675253,1378.6581338985986,37.13028593882087,-3.368186073508804,
46.33241985555825,2417.2603690319706,49.16564216027256,-6.658927779427899,
27.56383527749397,945.5765460712059,30.750228390553556,-1.9959960329720112,
73.22792975075257,5790.679935341027,76.09651723529157,-17.34738201425937,
489.3150482813517,239745.0772183876,489.63769995618964,-758.616239695489,
