MAE,MSE,RMSE,R2,MAPE
26.917725140403558,857.7843145865261,29.28795511104396,-5.300492190946878,
48.728848831183235,2637.4709298421267,51.35631343702668,-18.37242814393233,
21.752345063221817,603.1317605766652,24.558741021816758,-3.4300494693203047,
65.17340559613255,4403.4062433144845,66.35816636492063,-31.343359720844013,
509.1264410018921,259346.0607732025,509.2603074786042,-1903.916892123436,
