MAE,MSE,RMSE,R2,MAPE
10.539762135816236,127.1025992463693,11.273978856036997,-3.89957650070558,
22.897848874617086,571.2492556950135,23.900821234740313,-21.020630937874323,
6.094704669901252,48.53779580408153,6.966907190718241,-0.8710446924594817,
5.694295784845383,54.16175115037889,7.359466770791134,-1.0878380516757225,
249.85097290674847,62451.45436496106,249.9028898691671,-2406.391194639087,
