MAE,MSE,RMSE,R2,MAPE
5.996794675227464,47.77323676121441,6.911818629074002,-2.6797405293018954,
7.337502039945753,63.699049681554435,7.981168440870951,-3.9064285922851596,
3.2114435415645164,13.406359827393585,3.661469626720067,-0.03262682103457526,
11.762439712077889,150.16778625798585,12.254296644768555,-10.566695638627438,
128.9558325767517,16642.453050890377,129.00563185725798,-1280.8873735615095,
