MAE,MSE,RMSE,R2,MAPE
17.0176588705008,348.4058574746845,18.66563305850312,-4.894949286501797,
34.41508449478976,1212.3763323901549,34.81919488428983,-19.51313674057362,
7.17542008089474,74.84124934658593,8.651083709373406,-0.26629722196509453,
5.547223199817789,48.47374151995905,6.96230863435104,0.17983512086068199,
165.3387531598409,27396.136866342164,165.5177841391739,-462.5365164171614,
