MAE,MSE,RMSE,R2,MAPE
11.935440432896481,161.26756514500812,12.699116707275673,-6.794052203785899,
19.787501360413522,408.20887535497604,20.204179650631104,-18.728711608590302,
6.262429047592225,61.5768713139443,7.8470931760712705,-1.9760066702510404,
11.715005143915699,155.3607534958684,12.464379386711093,-6.508576334475606,
113.51361538569132,12905.938718675161,113.6043076589755,-622.7432804406022,
