MAE,MSE,RMSE,R2,MAPE
2.771826248961359,10.531721668570764,3.245261417601171,-1.0597978322490293,
3.1717560759959684,13.92917416399723,3.732180885755302,-1.7242727875768398,
2.766142757517531,10.97641716116392,3.3130676360684097,-1.1467715332715138,
2.81625220012844,10.470070307248287,3.235748801629738,-1.0477400372936039,
172.8090344429016,29868.058374714645,172.82377838340025,-5840.60537372744,
