MAE,MSE,RMSE,R2,MAPE
5.71911756830018,38.48550869136757,6.203668970163347,-5.655832841199557,
11.778357309252273,150.94356080640003,12.285909034597319,-25.104763671947705,
7.393606553852487,64.30172584419418,8.018835691307945,-10.12058936395443,
2.872699948711674,12.411963658781271,3.5230616881884527,-1.1465730388649362,
150.01270399093627,22509.5869251706,150.03195301391833,-3891.8950920165903,
