MAE,MSE,RMSE,R2,MAPE
0.14075670821164177,0.028987213526346377,0.17025631714079328,-0.22483684233612977,
0.17283788408201772,0.04585089529317702,0.21412822161774245,-0.9374013220738155,
1.3583622326765719,1.9112208914368145,1.3824691285655584,-79.75746085585786,
0.17683097828193414,0.05386672323502175,0.23209205767328994,-1.2761051914911086,
29.96856616338094,898.1384417285155,29.96895796868012,-37949.286320125066,
