MAE,MSE,RMSE,R2,MAPE
15.8517939046357,305.94368002512124,17.49124581112281,-2.743779965542058,
32.86376455419424,1120.3287316613157,33.47131206961143,-12.709269170294297,
6.875178265318321,79.99417797341101,8.943946442897062,0.02112506186670904,
15.589118760124139,342.27676551871065,18.50072337825499,-3.188381656762017,
210.42493012746175,44360.50636353234,210.61933995607416,-541.8318537956291,
