MAE,MSE,RMSE,R2,MAPE
0.28013682306687004,0.10919353242981786,0.3304444468134059,-1.9195418994768234,
0.4024419060904279,0.2159953574731808,0.46475300695442606,-4.77513596458414,
9.392139551755042,91.29050908580092,9.55460669445901,-2439.863120458809,
0.9181299643733293,0.8751281159118066,0.9354828250223552,-22.39857631638478,
69.06345090866088,4769.79711551337,69.06371779388488,-127530.56914028233,
