MAE,MSE,RMSE,R2,MAPE
1.6671795618404317,3.5606997291714464,1.886981645160187,-3.3457145410665055,
3.0731602430762357,10.217179144893755,3.1964322525111895,-11.469724311456636,
0.8978977417652767,1.43925787773343,1.1996907425388552,-0.756565945836184,
1.0139841383279984,1.8222011986773199,1.3498893283070728,-1.2239354194810175,
23.18214464187622,538.2319535528405,23.199826584542407,-655.8940390728997,
