MAE,MSE,RMSE,R2,MAPE
1.1291845402803815,1.6517733620185244,1.2852133527234006,-3.307615327733897,
2.3247656624922186,5.6925904906468885,2.3859150216734224,-13.84555364305951,
1.4789976450581297,2.4958997374199163,1.5798416811250158,-5.508989800064631,
0.8449083006662248,0.9962309647261212,0.9981137033054507,-1.5980439401039566,
12.712200450897218,161.9822954825942,12.727226543225912,-421.42927200960554,
