MAE,MSE,RMSE,R2,MAPE
14.944523928539853,256.7919698218505,16.02472994536415,-6.725810706514019,
27.113388544865437,767.5709119585541,27.705070148955663,-22.093041319524676,
7.614206292097483,67.08481750752334,8.190532187075718,-1.0183053298112208,
18.400313499319534,381.7268008368576,19.53782999303806,-10.484584221674503,
126.4289971669515,16017.242921809937,126.55924668632449,-480.89274353089803,
