MAE,MSE,RMSE,R2,MAPE
45.72036348391307,4079.734525508859,63.872799574692664,-0.31920491619271285,
72.49501822208624,7878.738376385731,88.76225761203762,-1.547634002785478,
44.900404830715225,3491.001543930116,59.084698052288594,-0.12883482255859335,
64.8037326783884,6783.93506931876,82.36464696287334,-1.1936232464687673,
707.4204995791117,503534.604491819,709.6017224414122,-161.8207231537714,
