MAE,MSE,RMSE,R2,MAPE
5.74997653956702,50.25061956925381,7.088767140289897,-1.5605762565853656,
9.07819614350189,93.58802880621485,9.67409059324001,-3.768882185254606,
3.9660662393010417,22.71052776191158,4.765556395837907,-0.15724022231268786,
3.4255805049630186,15.15277700403055,3.8926568053233965,0.2278733804589086,
126.9269679069519,16130.1293882228,127.00444633249184,-820.928698216575,
