MAE,MSE,RMSE,R2,MAPE
2.1545121951453203,5.676610402273419,2.3825638296325704,-4.26575990929908,
4.411274779022408,20.132538608529863,4.486929753019303,-17.67542550300006,
0.8168257645216475,0.994492623205844,0.9972425097266181,0.07748479915518858,
0.6370845027805238,0.7035652241774832,0.8387879494708321,0.34735602965335133,
15.265289783477783,234.09930200124353,15.30030398394893,-216.15612520798666,
