MAE,MSE,RMSE,R2,MAPE
2.816183058847586,10.400532674955,3.224985686007769,-2.8142775075562003,
3.361276174864898,14.562904920047515,3.8161374346382644,-4.34078036358432,
1.6352502105158218,4.256890037591431,2.0632232156486197,-0.561166185422836,
1.5301822551050088,3.6605137512529358,1.9132469133002503,-0.34245194009398716,
68.23266582489013,4658.411306041043,68.25255530777615,-1707.419560890878,
