MAE,MSE,RMSE,R2,MAPE
27.47002777594937,857.5811953291671,29.284487281309318,-6.981807571390236,
47.797227646701685,2345.4206111361473,48.42954275167325,-20.829648427488678,
8.88918634851398,85.96032992084359,9.271479381460306,0.19993720018774708,
21.570282356483197,594.8600988175841,24.389753972059335,-4.536570608731317,
162.02826042175292,26360.396402860384,162.35885070688443,-244.34541188538924,
