MAE,MSE,RMSE,R2,MAPE
12.655682378804594,179.7112191744697,13.405641319029453,-7.41036812082665,
25.16703546773198,663.3527768171938,25.755635826303994,-30.044478317120763,
4.240876886927111,23.64209623021236,4.862313876151185,-0.106434719866068,
12.898609983183038,190.07311034981515,13.786700488144913,-7.895297885439703,
236.08069823582966,55755.45466654779,236.12592967852513,-2608.3189988015265,
