MAE,MSE,RMSE,R2,MAPE
0.7562653814759128,0.7769979873490164,0.8814748932040075,-0.012614730296583776,
0.8000830973195463,0.9044525085525865,0.9510270808723517,-0.17871853972081642,
1.51280409153427,3.5045203251590777,1.8720364112802608,-3.5672304969379764,
1.4473055752034225,3.060850083140593,1.7495285316737743,-2.989021763096863,
27.199526913960774,740.5866541871708,27.213721799621066,-964.162030405793,
