MAE,MSE,RMSE,R2,MAPE
59.22960338876039,4213.096992835935,64.90837382677165,-1.2568736730878962,
103.40041519289316,12606.21282389175,112.27739230981342,-5.752901698670252,
36.68432180678689,2904.723666689947,53.8954883704559,-0.5560036671586706,
158.19933366420426,26532.709165826196,162.88864038301196,-13.213053460168208,
869.5780885696411,758032.5752239722,870.6506619901993,-405.0632274251142,
