MAE,MSE,RMSE,R2,MAPE
5.0814440222439865,41.96429465525369,6.477985385538755,-0.033173514261914505,
5.771591611301863,46.3168982590448,6.805651934902695,-0.14033591978932236,
11.071386988236771,193.55321893334403,13.912340526789302,-3.765338272569611,
22.081676340939094,526.8271739886692,22.952716048186307,-11.970642953256519,
260.0960943222046,67690.61086644766,260.1741933137252,-1665.5631314898762,
