MAE,MSE,RMSE,R2,MAPE
3.2015953738870895,13.353098844791468,3.654189218525974,-0.030632604080069292,
4.170572468494831,25.01359300942563,5.001359116222872,-0.9306248534780432,
9.910167063334463,109.00014571133792,10.440313487215693,-7.412961315223274,
5.355537114496064,38.2683537887571,6.186142076347512,-1.9536674278831088,
67.3539447148641,4549.513066666381,67.45007832957928,-350.1451951112925,
