MAE,MSE,RMSE,R2,MAPE
6.887525464771339,69.78494435597136,8.35373834615206,-2.1228784198889374,
13.982154711897218,200.88321163826657,14.17332747234278,-7.98952993847942,
12.291714939691595,187.12127345726887,13.679227809246722,-7.373682778925069,
3.4655789754013138,14.41954071827723,3.7973070350285383,0.354725106548507,
62.45701526006063,3923.120613712667,62.634819499322155,-174.55976889070058,
