MAE,MSE,RMSE,R2,MAPE
5.35662879311898,42.10055635112667,6.488494151274752,-1.9506186493641997,
11.654028785752377,136.80193142699278,11.696235780241128,-8.587767125237173,
4.214712551350953,25.793444938324374,5.0787247354354985,-0.8077342976568953,
3.157105673355134,12.068433707894908,3.473965127616411,0.15418349177760216,
79.97462374369303,6410.212696155154,80.0638039076033,-448.2599330498016,
