MAE,MSE,RMSE,R2,MAPE
7.999983274574841,75.68761589523459,8.699862981405776,-3.7158656593288883,
16.456377209505362,276.2948415922641,16.62211904638708,-16.215093115341613,
2.996547002190477,13.366578603671387,3.656033178688534,0.1671690503896165,
13.84008021865259,205.90737138953952,14.34947286103359,-11.82946344990828,
104.90244207382202,11020.47465161406,104.97844851022548,-685.6523320141125,
