MAE,MSE,RMSE,R2,MAPE
4.5368729064698705,24.77993638465919,4.977944996146421,-4.150612524399917,
5.527991879980457,44.78396155724803,6.692082004671493,-8.308532100663767,
8.861302325360946,92.64059632041989,9.624998510151567,-18.2557320676267,
2.0913561357673114,6.196978881393431,2.489373190462497,-0.2880677554808735,
143.69563420613608,20653.274796306174,143.7124726539286,-4291.8688025843285,
