MAE,MSE,RMSE,R2,MAPE
2.0185730050303197,6.1338492606361426,2.4766609094981376,-1.0701892523797256,
2.786927805715939,9.947940009717422,3.1540355118034773,-2.3574542862664756,
4.223838161556175,25.051465393390686,5.005143893375163,-7.454931350624923,
1.9188676044687023,5.522244642557002,2.3499456680010713,-0.8637711854769972,
71.23639567693074,5077.600773616879,71.2572857581376,-1712.7027831568337,
