MAE,MSE,RMSE,R2,MAPE
6.631831222192445,68.85873004888337,8.298116054194674,-0.21436319531172066,
6.377812454614173,71.6580097284455,8.46510541744434,-0.26373009786468704,
16.566014998193875,374.80124900520366,19.359784322280134,-5.609834976998153,
8.517066005402716,112.0010091128971,10.583052920254017,-0.975202028964524,
292.6403800646464,85695.00980499634,292.737100151307,-1510.2806445194108,
