MAE,MSE,RMSE,R2,MAPE
102.29319566202473,11318.876373030074,106.3902080693053,-12.115584716766364,
179.5755330307518,34143.610888221025,184.77989849607837,-38.56341657797338,
28.405420777563297,1813.264419266666,42.58244261742938,-1.1010939885743842,
24.37583423501308,1478.0909668685747,38.44594864050794,-0.712716585653655,
503.4360148747762,254311.16026941882,504.2927327152542,-293.67938839584747,
