MAE,MSE,RMSE,R2,MAPE
11.164016276512134,159.92834923537143,12.646278078366434,-0.5430282650752745,
17.84307479701058,479.1094832156028,21.88856969323493,-3.6225667819484757,
22.483212744682284,697.6240643029438,26.412573981021687,-5.730849500809163,
35.54549461330485,1355.6951017561792,36.81976509642856,-12.080081616769567,
459.27772585550946,211039.63659023176,459.39050555081326,-2035.1626057346923,
