MAE,MSE,RMSE,R2,MAPE
4.410417762167464,22.771315084982525,4.771929911993944,-5.6010540981324946,
7.532255621935144,58.24815224994594,7.632047710146074,-15.885243679743592,
3.005209778583637,13.661438780903257,3.6961383606276508,-2.9602410363440295,
1.895751657247445,6.450347118732263,2.539753357854314,-0.8698564454261692,
58.77233158747355,3457.677457683321,58.80201916331888,-1001.3275277198751,
