MAE,MSE,RMSE,R2,MAPE
10.911784744786628,138.12150296060867,11.752510496085876,-0.2601347847086666,
15.946510509848084,331.216942178136,18.199366532331172,-2.0218176111401105,
11.588654897057877,253.05044496090403,15.907559365311325,-1.3086750516476995,
10.95100625905643,137.66762430028766,11.73318474670401,-0.25599387778506766,
140.47396968205769,19842.624072725113,140.86384941753195,-180.03177476333678,
