MAE,MSE,RMSE,R2,MAPE
2.251992481099798,7.571052081836476,2.7515544846207347,-1.557721546251007,
3.448357198527291,13.716291063325365,3.703551142258652,-3.633761967043241,
4.526912170850022,26.636243336458097,5.1610312280064825,-7.998497534614522,
1.3891601800150581,2.9542007606442815,1.7187788573997185,0.001985080042117393,
69.88240280151368,4886.554643344472,69.90389576657708,-1649.82025101898,
