MAE,MSE,RMSE,R2,MAPE
55.10281072378484,3912.0744006202813,62.54657784899411,-3.4569895549349274,
126.47616499383687,16281.493373983929,127.59895522293249,-17.54935220431462,
26.59666756107351,1021.4764889572683,31.960545817574335,-0.16375855253987237,
54.63751687175765,4056.3079906158737,63.689151278815714,-3.621313526886789,
554.1952836354574,308011.60669900756,554.9879338319056,-349.9147253535198,
