MAE,MSE,RMSE,R2,MAPE
3.1493123142400536,12.649191003108067,3.5565701178393865,-3.1382887574830045,
6.796755394992021,49.90217734299567,7.064147318891054,-15.325915184749768,
2.8429575824842725,10.341305527658152,3.215790031649789,-2.383244698596869,
1.3529630228101068,4.314261656170955,2.0770800793833044,-0.41144682724653303,
39.5700714747111,1568.8540918085887,39.60876281592987,-512.2637532840981,
