MAE,MSE,RMSE,R2,MAPE
1.068727160305813,1.4772853554719378,1.2154362819465026,-1.51723235566114,
2.4771877339213515,6.661238510545105,2.580937525502139,-10.350471353019973,
2.44026091842588,9.140530198306275,3.0233309773007444,-14.57508052039399,
0.7135283009285583,0.738628555564843,0.859435021141705,-0.25859211424261197,
16.185269196828205,262.55864095782897,16.203661344209493,-446.3889244412929,
