MAE,MSE,RMSE,R2,MAPE
7.443742006359835,86.86105080051044,9.319927617772063,-0.2427039500570629,
18.534959964946257,387.8722117938625,19.69447160484034,-4.5492113585018945,
8.113506565587247,102.56644082852593,10.127509112734776,-0.4673978726510428,
6.713391337467373,68.8886172522457,8.299916701524522,0.01442411777924546,
145.9219487508138,21363.26027780537,146.1617606551227,-304.63995817064034,
