MAE,MSE,RMSE,R2,MAPE
14.755963499460865,267.40542538281215,16.352535747791904,-4.085561582169748,
26.638864512096255,731.0684549303381,27.038277588084974,-12.903583455748748,
5.584703697842036,54.84597018645618,7.4058065182973944,-0.04306993217422228,
10.109063704197837,150.31031999525993,12.26011092915802,-1.8586270741411401,
104.10585412979125,10890.537454949232,104.35773787769277,-206.11808225574782,
