MAE,MSE,RMSE,R2,MAPE
10.48788402189117,153.7836245236209,12.400952565170988,-0.03421416361056551,
12.018614378177972,205.1577399641985,14.323328522525708,-0.3797115336731931,
22.895734998252525,723.9716918038106,26.906722056092427,-3.8688004333101063,
32.442056137727185,1203.0491141260115,34.68499840170115,-7.090656187890515,
581.513130791982,338306.32500749023,581.641062002581,-2274.1524685779827,
