MAE,MSE,RMSE,R2,MAPE
6.799014098728836,63.16664300182574,7.947744522933895,-0.381994642265552,
10.2504690680669,145.71682100404732,12.071322255827955,-2.1880729503029195,
6.11181751299127,64.56506737759008,8.035239098968374,-0.4125901417741138,
16.713149423068888,335.4914950877628,18.316426919237355,-6.340067901400853,
409.52561922073363,167756.86472996027,409.5813285905014,-3669.277178626875,
