MAE,MSE,RMSE,R2,MAPE
6.882232335655094,50.398077362972906,7.099160328022808,-15.406154848908951,
10.071669123809896,109.02570052398532,10.44153726823715,-34.49128496360887,
1.9678052507039263,6.027522006979631,2.455101221330728,-0.9621474583148861,
2.368491548015648,9.393101345882512,3.0648166904208987,-2.0577490899536404,
25.355520153045653,645.9768861711466,25.416075349493806,-209.28573663657517,
