MAE,MSE,RMSE,R2,MAPE
6.905327259263806,62.75729559162515,7.92195023915356,-2.953948620049394,
11.99175332698926,165.2898829950549,12.856511307312529,-9.4138920999591,
17.08278377901918,324.0741809303242,18.002060463467068,-19.417907566018346,
10.012606863342496,123.16393660089724,11.097924878142637,-6.759797049443856,
96.2428409576416,9278.525571637485,96.32510353816124,-583.5824462991174,
