MAE,MSE,RMSE,R2,MAPE
4.044281205898825,20.888501256624597,4.570393993587927,-3.381026935024205,
9.032294177923147,83.28025116904529,9.125801398729061,-16.466692274605325,
2.3076100802964676,7.214321575218748,2.6859489152287965,-0.513087834817062,
1.514197265076165,3.502411346650219,1.8714730419245207,0.26542559187472825,
11.312184651692709,132.7018004921059,11.519626751423237,-26.83206679788709,
