MAE,MSE,RMSE,R2,MAPE
4.027228865372228,19.380925703082347,4.4023772785941855,-4.575912715845527,
9.542881183779432,94.07542769611058,9.699248821228919,-26.065599526854587,
5.087782742202048,27.500086547619365,5.244052492835991,-6.911803833154182,
1.8555757427955764,4.697974610541424,2.1674811672864482,-0.35161223828804156,
63.88033145268758,4084.1487272957943,63.90734486188418,-1174.0138858594946,
