MAE,MSE,RMSE,R2,MAPE
5.0109096641821145,31.627685974712655,5.623849746811579,-2.396271050515965,
8.94243894385246,84.94019848519221,9.216300694160983,-8.121120570470671,
4.35263790845666,31.81776667862918,5.640723949869305,-2.416682458182322,
2.4693309564418913,8.20647735828034,2.8646949852087813,0.1187650749749336,
71.8190437634786,5167.317022293935,71.88405262847898,-553.8812273426113,
