MAE,MSE,RMSE,R2,MAPE
6.631998336374772,63.866676794768686,7.991662955528636,-2.1418011319132213,
16.821757369165944,300.55726519787527,17.336587472679717,-13.785349784800037,
4.90596924246911,43.63706662459954,6.605835800608394,-1.1466434797460643,
3.9113643633047785,24.994493295470594,4.999449299219925,-0.22955712224781255,
41.59085585276286,1750.1555051957278,41.83485992800416,-85.09561078177917,
