MAE,MSE,RMSE,R2,MAPE
55.509022135997625,3913.0536921520006,62.55440585723759,-3.628613175131063,
110.60822606057613,12853.95471826536,113.37528266013435,-14.204489598705473,
23.41573450609401,914.2188510055105,30.23605217295258,-0.08139722876895172,
147.07052259164996,22786.07708985918,150.9505783025,-25.952846785414728,
729.459699567159,532957.8879031187,730.0396481720145,-629.4170849191036,
