MAE,MSE,RMSE,R2,MAPE
1.0471826687274814,1.3082301303545594,1.1437788817575534,-4.524364033301188,
1.8765701477062187,3.8530472928228736,1.9629180555547585,-15.270559276379235,
2.0189441693311925,4.256347889282927,2.063091827641932,-16.973607737041892,
0.7576399553919686,0.7370427968919152,0.858511966656211,-2.112367330241729,
25.32990487416585,641.8407144278989,25.334575473607188,-2709.3501712904617,
