MAE,MSE,RMSE,R2,MAPE
9.194647178219665,149.82674219559644,12.240373450005373,-0.3071117486975343,
10.209048306816191,177.3083631191453,13.315718648242209,-0.5468656741718514,
43.41842300460815,2449.1566063144946,49.48895438695886,-20.366822288203956,
18.010336468355476,431.14579815202063,20.764050620050526,-2.761382847331545,
513.6582518259685,263959.2361985899,513.7696333947637,-2301.821337208152,
