MAE,MSE,RMSE,R2,MAPE
75.9305415745324,6818.813310264014,82.57610617039299,-5.144512272472627,
160.69999946054315,26923.8456017311,164.08487316547829,-23.26139156398015,
54.0296131370393,3403.5907103614136,58.34030091078905,-2.067015320511803,
217.26044353621663,48558.71388051076,220.36041813472482,-42.75682392201069,
924.9899809201559,856717.4151857218,925.5903063373784,-770.9980636111413,
