MAE,MSE,RMSE,R2,MAPE
5.618738543078975,40.15496008718681,6.336794149030471,-3.2392125519745028,
6.20047045614246,53.28214201655895,7.2994617621136255,-4.625066610507224,
3.117794855386448,12.142476561766651,3.484605653695501,-0.28189740298416055,
10.992668157120637,130.63014203187657,11.429354401359534,-12.790797863212108,
79.0016978263855,6250.767379895189,79.06179469184335,-658.9018272908186,
