MAE,MSE,RMSE,R2,MAPE
10.0277197048218,129.62395677626762,11.385251722130153,-2.147020081876642,
15.144839412909365,307.6964022746028,17.54127709930502,-6.470276183211344,
13.934277124354772,333.7559922815262,18.2689899086273,-7.102952851296781,
5.942635400521004,51.99015671063918,7.210420009308693,-0.26222089880109745,
140.92553199132283,19901.19858468154,141.0716080034588,-482.1627822278791,
