MAE,MSE,RMSE,R2,MAPE
11.850667496299822,203.07160799861913,14.250319575315466,-2.1495906558110587,
23.782912099586078,605.4947385785725,24.60680268906492,-8.391074358276612,
5.427934569643219,50.32680908048942,7.094139065488456,0.21944357865244035,
26.802999384742577,817.7831018800846,28.59690720829937,-11.683614620214225,
125.13823881149293,15723.666066190483,125.3940431846365,-242.87019044781348,
