MAE,MSE,RMSE,R2,MAPE
4.032981473842505,17.825357693942273,4.222008727364532,-10.290661250983415,
7.02103119906186,51.01936263851498,7.1427839557496755,-31.315892375518104,
1.1086444852405501,2.115987235110625,1.4546433360486084,-0.340275774166265,
1.0836243085154365,2.9094923909784725,1.7057234215952106,-0.8428854872301064,
17.59901361465454,311.30285330594745,17.64377661686827,-196.1806189525443,
