MAE,MSE,RMSE,R2,MAPE
2.855943579986277,9.135766173913364,3.0225429978601404,-8.310433060288796,
5.351886125458339,29.822339128711235,5.460983348144475,-29.392512994907385,
0.983882768755084,1.6871236277397499,1.298893231847695,-0.7193797763076915,
1.1806539138444354,2.7131386773663007,1.647160792808735,-1.7650112270856124,
16.036165237426758,258.13947493557123,16.06671948269376,-262.0748484422107,
