MAE,MSE,RMSE,R2,MAPE
4.275310914338004,41.14230837011427,6.414227028264144,-0.14403936830459085,
8.442139011059727,115.27247024184791,10.73650176928444,-2.2053681298589507,
17.317212521477252,387.2877807386682,19.679628572172497,-9.769266129709926,
8.793757047869883,120.35502827386769,10.970643931596161,-2.34669822801521,
225.64976145426434,50953.76144630127,225.7293987195759,-1415.8652991797946,
