MAE,MSE,RMSE,R2,MAPE
23.91585072105082,642.6272962209532,25.35009459984229,-5.680274261857936,
55.070890547487714,3174.0415647482523,56.33863296840146,-31.994969705993775,
10.260674610567712,156.84345247434575,12.523715601783113,-0.6304275975620279,
6.990775881577806,110.8079947801036,10.52653764445383,-0.15187730102753627,
190.48589849472046,36381.226831887136,190.73863486951754,-377.1921101843582,
