MAE,MSE,RMSE,R2,MAPE
1.8818290406671276,4.720086530184533,2.172576012521664,-1.0973215197928594,
5.253721286370077,32.18645568904672,5.673310822530942,-13.301717930551975,
3.281051292523424,14.92479581623755,3.8632623281674197,-5.631678305839382,
1.2835412318271031,2.2929726482971367,1.5142564671472059,-0.018858626598524664,
92.19154637654623,8501.537940046093,92.20378484664333,-3776.570254055712,
