MAE,MSE,RMSE,R2,MAPE
15.857273790825282,277.03098952476944,16.644247941098733,-10.374803473890427,
26.869973246493878,791.466616753359,28.133016488698097,-31.497365140117175,
7.424369008482623,69.79615993796575,8.35440961037737,-1.8658079151668345,
28.491873097457617,839.3371808468494,28.971316519047758,-33.4629151303252,
162.96138353347777,26580.72749358232,163.03596993787082,-1090.3961356857576,
