MAE,MSE,RMSE,R2,MAPE
2.8767676848290358,11.489028366915427,3.38954692649555,-1.3322910833602912,
5.761245465396627,36.708450681401175,6.058749927287078,-6.4518740379077695,
2.810509284787366,11.102395089606498,3.332025673611549,-1.253803911390667,
4.7596460757952155,27.84299218525592,5.276645921914405,-4.6521718228795,
91.81617336273193,8435.160221943386,91.84312833273584,-1711.3509790441785,
