MAE,MSE,RMSE,R2,MAPE
1.825187330604191,6.00114496509405,2.449723446655571,-0.890157915617968,
3.1830143445086234,12.826118796767478,3.581357116620385,-3.0397940911908155,
4.247195801997597,20.195703212230157,4.493962974060885,-5.360964201015565,
2.3480626277891616,7.6840654131552135,2.7720146848736595,-1.4202209993729018,
41.269295660654706,1706.324701277754,41.30768332014946,-536.4346328066191,
