MAE,MSE,RMSE,R2,MAPE
6.491987655350978,48.55368593430016,6.96804749799398,-4.837993749339272,
13.697808336061692,200.67497095537,14.165979350379203,-23.12873922016022,
4.321626418811422,23.50620150029315,4.848319451139039,-1.8263365548623987,
3.1046628332413957,15.415912807519431,3.926310330006969,-0.853577146180774,
129.9603182474772,16897.953620879667,129.99212907280065,-2030.7746370235966,
