MAE,MSE,RMSE,R2,MAPE
7.972564151429761,77.17357927376159,8.784849416681062,-3.4646226414014523,
17.073765323698353,306.1776567132591,17.497932926870508,-16.712897487936214,
5.338493686197453,44.21195268706827,6.649206921661279,-1.5577365575729587,
9.402585959503323,106.91807566943477,10.34011971252919,-5.185392279338365,
94.71777826944987,8988.64579525581,94.80846900596913,-519.0084265973815,
