MAE,MSE,RMSE,R2,MAPE
0.4458991155140538,0.3137477451924291,0.5601318998168459,-1.4855759305600627,
0.7397299458710813,0.6322002445115394,0.7951102090349107,-4.008423917399956,
0.707919177946796,0.5850388127143137,0.7648782992831694,-3.6348010897552863,
0.4664995393618018,0.3072232397834149,0.5542772228618229,-1.433887420118312,
9.309195359547934,86.7864487673277,9.315924471963461,-686.5405846265155,
