MAE,MSE,RMSE,R2,MAPE
2.041123204063178,4.674870254325495,2.162144827324362,-8.233717113248709,
3.5871481235088587,13.577665182877471,3.6847883498075533,-25.818352710664904,
1.0774193951942186,2.1275211729318046,1.4586024725509705,-3.2022404033828744,
0.6507763673897987,0.7884578193479281,0.8879514735321565,-0.5573472767188405,
18.145398298899334,329.7616467796641,18.159340483058962,-650.3390951000397,
