MAE,MSE,RMSE,R2,MAPE
4.176727648162187,25.947140003910327,5.093833527306358,-0.7602217601282848,
7.764602010539156,67.80744456850529,8.234527586237434,-3.59997284518402,
6.271427068842525,55.29695014874868,7.43619191177505,-2.751276437630031,
4.104978767373418,25.095229504303855,5.009513899002962,-0.7024292096251046,
108.66116574605306,11822.046576748962,108.72923515204621,-800.9929607080999,
