MAE,MSE,RMSE,R2,MAPE
13.45032812779253,204.75198354638346,14.309157331806212,-6.843620598111764,
27.802568872584043,813.6393526959916,28.524364194421437,-30.168823254866712,
5.6415693762028924,35.173513187213594,5.930726193917031,-0.34742378444742217,
4.182767908711079,37.45983528854497,6.120444043412616,-0.4350080061839532,
32.7047971089681,1095.5636478398405,33.09929980890593,-40.968753835258354,
