MAE,MSE,RMSE,R2,MAPE
6.044809666364203,63.34630024372894,7.959038902011281,-0.5600063186166717,
13.817014025599702,245.023947786402,15.65324080778169,-5.034115730334683,
14.349690044772048,331.59501531607754,18.209750556119037,-7.166069953960459,
6.8771754320292136,68.37359028874243,8.268832462248975,-0.6838115638411728,
356.37793858846027,127045.64732729211,356.43463261486266,-3127.7069934749866,
