MAE,MSE,RMSE,R2,MAPE
0.616535465346883,0.5610192037329653,0.7490121519260988,-1.6380619386701207,
0.5874281732190989,0.5402186523460759,0.7349956818553942,-1.5402521978413142,
1.4488658783088213,2.4471848411420605,1.5643480562656318,-10.507315869672453,
0.477295861660235,0.35610243624690013,0.5967431912027988,-0.674488639746808,
22.79992167154948,520.0517315184051,22.804642762350063,-2444.421956912565,
