MAE,MSE,RMSE,R2,MAPE
6.282842079176842,52.00613809361692,7.211528138585948,-0.7723435041286251,
13.033372673304985,187.23776679430213,13.683485184495291,-5.380970629045074,
6.323190939515765,51.73973387165829,7.19303370433215,-0.7632645798022142,
5.8210887265705376,43.38853161963355,6.5869971625645585,-0.4786597311130736,
119.69602117538452,14356.51389491142,119.81867089444542,-488.26290388598585,
