MAE,MSE,RMSE,R2,MAPE
19.547325521992427,428.3404540135389,20.69638746287716,-7.601281930140058,
33.799231340497315,1233.5145786370883,35.12142620448504,-23.769564855203154,
4.605446715541274,34.33669683283245,5.859752284255065,0.3105026451701802,
53.988380972180195,2990.1381387880156,54.68215557920166,-59.043409163886864,
300.436381816864,90311.89222263182,300.51937079434964,-1812.5061476745943,
