MAE,MSE,RMSE,R2,MAPE
23.380966602859267,724.0156671463351,26.907539225026415,-3.081623576981414,
45.10158369119947,2145.8593088654684,46.32342073795358,-11.097238147444795,
11.544400474454713,165.68281328787592,12.871783609425538,0.06596651467250347,
9.210525331282158,180.8224520510019,13.447023910553662,-0.019382890494535676,
83.47434829076131,7145.389563205841,84.53040614598892,-39.28198812720336,
