MAE,MSE,RMSE,R2,MAPE
27.65181663175411,952.1589837540283,30.85707348006334,-3.8479413645003673,
55.51661814971266,3127.5919931201834,55.92487812342718,-14.924213133974261,
8.891114968723423,153.08433065301406,12.372725271863676,0.22056728813964888,
41.64541445031423,1977.4434066999258,44.46845406240165,-9.068202738058275,
187.9104908625285,35506.48639091821,188.43164912221675,-179.78216665450168,
