MAE,MSE,RMSE,R2,MAPE
123.66898330228723,20734.892222100458,143.9961534975864,-2.6193856435775977,
226.6711173638217,52540.30179035396,229.21671359295325,-8.171188929863547,
69.86015509835887,9433.046599650064,97.12387244982597,-0.6465884207288795,
62.29598505204343,5131.51736570562,71.63461011065546,0.10426636973748371,
941.464048576355,892080.217611138,944.4999828539638,-154.71734340147222,
