MAE,MSE,RMSE,R2,MAPE
20.178898576994143,520.9187764741802,22.823645118038883,-3.2088829039512454,
44.019546574999616,1959.2208334223312,44.263086578122085,-14.829974735543225,
8.785978480875686,116.77150119267111,10.806086303221491,0.05651783495863971,
16.036022332157913,376.9021802080143,19.413968687726225,-2.0452677353589137,
126.17984504699707,16044.895628849908,126.66844764522027,-128.638419572875,
