MAE,MSE,RMSE,R2,MAPE
10.613120082147232,130.84046057043733,11.43855150665666,-4.219514310929903,
27.06995513261939,783.2308649938259,27.986262076129886,-30.244805244295822,
10.932012325190064,143.2106618609399,11.967065716412687,-4.712988901155017,
6.085345979822966,59.1614983625503,7.691651211706775,-1.3600825464318005,
230.82158120473227,53303.73454864894,230.876015533552,-2125.403438888108,
