MAE,MSE,RMSE,R2,MAPE
6.042030541909947,49.875518030876016,7.062260122005987,-0.7137486816727254,
9.928561993811629,126.54692825251928,11.249307901045258,-3.348218124335716,
8.034079103620702,120.48250648772382,10.976452363479005,-3.1398414454590826,
3.4207972938197924,26.424911642463304,5.140516670769904,0.09202632316409964,
259.7289706548055,67488.26302036936,259.78503232551594,-2317.9317393744313,
