MAE,MSE,RMSE,R2,MAPE
1.1821401928883264,2.7133031909126264,1.6472107305723291,-0.7359518641097536,
1.4250593427531095,3.6213407991318523,1.9029820806123878,-1.316907794117609,
1.0582466162269004,2.337349266623371,1.5288391892620268,-0.4954192476756154,
0.9920371260372166,1.2651161371487865,1.12477381599537,0.19058779573392404,
37.71812527974446,1424.2292500975755,37.73896196369974,-910.2116293921899,
