MAE,MSE,RMSE,R2,MAPE
15.60859862708722,304.648623591218,17.45418642020355,-2.732635958643183,
18.313308640898402,424.84172887428383,20.611689132001867,-4.205273850362482,
7.915328732756276,97.83604722005325,9.891210604372613,-0.198713270390795,
12.199442493210684,235.76079549271267,15.354504078371033,-1.888603967813196,
538.8971519788106,290491.7221521418,538.9728399021066,-3558.181837132468,
