MAE,MSE,RMSE,R2,MAPE
2.84787157460354,11.874437349583767,3.445930549152691,-0.05018355894440085,
3.35072384150355,15.060231126429462,3.8807513610677846,-0.33193739267430034,
3.9875165524630463,21.902001935168027,4.679957471512751,-0.9370283966413082,
2.820066336417607,11.475819488900674,3.387597893626201,-0.01492951605657944,
135.25520435969034,18305.345683192612,135.29724935560446,-1617.9375977428183,
