MAE,MSE,RMSE,R2,MAPE
8.821534396410264,87.6156611567774,9.360323774142506,-7.96792282659276,
14.831886521040925,246.62043812096775,15.704153530864621,-24.242896387802382,
6.632920009826372,52.78369024174138,7.265238484849715,-4.402687765417813,
6.278607127950991,52.77562865346613,7.264683658182656,-4.401862619541405,
192.7141695022583,37148.519178534385,192.73951120238524,-3801.3459358387477,
