MAE,MSE,RMSE,R2,MAPE
13.94878635234968,248.3388815609058,15.75877157524995,-2.782533834643595,
26.67010588297297,765.9148774378799,27.67516716187781,-10.665909583534795,
12.62853267413922,241.75462445027006,15.548460517050234,-2.6822467787446813,
7.610131529521577,80.90968861852956,8.994981301733182,-0.23236294222823028,
226.22499418258667,51243.36463313265,226.36997290526995,-779.505087674988,
