MAE,MSE,RMSE,R2,MAPE
1.1484222068198264,2.1719546853135654,1.473755300351305,-0.9023139613342561,
0.937165498704978,1.5343272271389936,1.2386796305498018,-0.3438457649130926,
6.220476621626089,43.78981399501859,6.617387248379726,-37.35345879461926,
3.8438426675457484,16.067013597667582,4.008367946891551,-13.072348972316508,
85.36225922902425,7287.866813639665,85.36900382246279,-6382.103147444264,
