MAE,MSE,RMSE,R2,MAPE
16.025851067310914,329.5475890340546,18.153445651833003,-3.199748363323101,
32.473015166859334,1146.1296564284946,33.85453671856247,-13.60625508701333,
13.512257460593098,237.90769308807282,15.42425664620739,-2.031891228812354,
8.053166327596754,78.67997942672807,8.870173584926514,-0.0026961987257931863,
29.25538549423218,934.3469233053655,30.567088891573654,-10.907299863517391,
