MAE,MSE,RMSE,R2,MAPE
2.0415710246734053,6.839720625838175,2.6152859548887144,-0.8665989535523702,
4.606347459832377,26.04548178945134,5.103477421273786,-6.107961232992534,
4.529750795922064,26.178304324360802,5.116473817421604,-6.144209263903854,
1.5683108696890964,3.980327594517867,1.9950758367836214,-0.08625420966111497,
79.11488908131918,6262.830101736961,79.138044591315,-1708.162223675754,
