MAE,MSE,RMSE,R2,MAPE
6.5691911438675525,52.02365690764349,7.212742675823358,-4.573987608428397,
11.80049258207277,151.61852552612845,12.313347454129946,-15.2449130400646,
5.608928434324308,42.135214226063496,6.4911643197552396,-3.514506974999815,
5.063473993094375,35.11931794092899,5.9261554097854185,-2.762800515287004,
160.9987930615743,25929.906374698294,161.0276571732269,-2777.2164002208297,
