MAE,MSE,RMSE,R2,MAPE
5.75570525478468,37.896906658673224,6.156046349620284,-5.459118879327866,
11.121235584002125,137.03057378534083,11.706005885242876,-22.355382911693624,
2.7782884237711944,10.64061884090464,3.2619961436066474,-0.8135786823458155,
2.026181438312036,6.406547021161894,2.531115766052966,-0.091926821056725,
72.80591920216878,5306.567277819709,72.84618917843066,-903.4471412218624,
