MAE,MSE,RMSE,R2,MAPE
7.193070323889994,72.79456065871119,8.531972846810472,-1.8686149096386182,
8.148955683943273,84.6009507955837,9.197877515795897,-2.3338692702553256,
7.844754507184276,83.29729328029394,9.126735083275614,-2.282496044679369,
2.9851626603282435,20.916405596104973,4.57344570276121,0.17574730301150432,
215.00975767771402,46254.56706297625,215.06874961968848,-1821.7535067876622,
