MAE,MSE,RMSE,R2,MAPE
15.834786292644276,279.945144890249,16.731561340480123,-5.629374071051608,
28.37717174262428,847.9371722022828,29.119360779424447,-19.079979259802606,
11.411231277615826,223.1109044224517,14.936897416212368,-4.283483824400464,
8.593478780202766,116.73979739835822,10.804619262072968,-1.7645122627002578,
121.41711575190226,14784.318297050804,121.59078212204577,-349.10707692418475,
