MAE,MSE,RMSE,R2,MAPE
3.9897490003311016,21.80831685337727,4.6699375641840515,-2.055083024855026,
8.896473118313033,81.1789795208711,9.00993782003356,-10.372199146623279,
3.372850682561917,15.244741921303248,3.904451551921633,-1.135605080171826,
1.9772533205597511,6.752372283324975,2.598532717385905,0.054073816013313514,
79.32007738749186,6298.765627337137,79.36476313413363,-881.3813444657451,
