MAE,MSE,RMSE,R2,MAPE
7.7835119679267235,97.59588729415039,9.879063077749347,-1.212031528530897,
8.695571829009465,114.07821392059039,10.680740326428237,-1.58560696466933,
4.759163093296781,42.13172049526369,6.490895199836745,0.04507560030799995,
4.588555673830381,42.76552747115158,6.5395357229050735,0.030710230490302082,
231.03023341496785,53418.927889784565,231.12535103225818,-1209.7513542694574,
