MAE,MSE,RMSE,R2,MAPE
11.786049769115609,179.1093096358439,13.383172629681047,-3.4581195223088432,
23.905711744262973,580.9293652012454,24.102476329233173,-13.459619934618221,
6.234967520755917,63.073954784868,7.941911280344801,-0.5699420077457129,
5.560608683582603,42.745758716222035,6.53802406818926,-0.06396312852828001,
93.39703276952108,8763.36695858349,93.6128568017422,-217.12454862702955,
