MAE,MSE,RMSE,R2,MAPE
8.813504786021133,88.80285288148131,9.423526562889357,-4.027044721519245,
16.191139649761926,273.0403153464558,16.523931594703964,-14.456551580119179,
2.854878430218387,15.532315172695485,3.941105831197062,0.12073046677811139,
4.306298546496857,32.83449949651438,5.730139570421857,-0.8587296693944411,
45.25491031010946,2065.602467208065,45.44889951591859,-115.93178363755986,
