MAE,MSE,RMSE,R2,MAPE
15.191443537803046,279.6662166031998,16.72322386991216,-4.591707335827724,
33.26360354393941,1174.7265728475033,34.27428442502488,-22.487739329999542,
8.739680516084489,105.68152285710933,10.280151888815132,-1.1130194193601515,
18.497074476901467,405.49384878703927,20.13687783115941,-7.107532459355204,
349.89039341608685,122473.28488907714,349.9618334748479,-2447.7575720625528,
