MAE,MSE,RMSE,R2,MAPE
0.4221265429442431,0.263240980562831,0.513070151697437,-1.4643507237452673,
0.3703689188158558,0.21518706381715455,0.4638825970190675,-1.0144902793045603,
0.9115726781279669,1.0100473749705978,1.0050111317645183,-8.455636330649863,
0.5329136891610446,0.3867946393429517,0.6219281625259879,-2.6210078209235395,
10.473829587300619,109.80819333644885,10.478940468217617,-1026.977863261488,
