MAE,MSE,RMSE,R2,MAPE
4.076888084388979,17.95155536985394,4.2369275860998545,-13.630038364058791,
5.462588727465659,33.92922426984916,5.824879764411379,-26.651411953096222,
1.8167701837143395,3.812967902612078,1.9526822328817555,-2.1074670437647636,
1.7548067286607805,3.6020762535329243,1.8979136580816642,-1.9355959800535452,
45.49345823923747,2070.894491964525,45.507081778164206,-1686.7237231620204,
