MAE,MSE,RMSE,R2,MAPE
6.375015034443003,48.99493051941741,6.999637884877861,-4.555317040541918,
14.893828998494753,232.82353725276187,15.25855619817163,-25.3988243319769,
4.381763944470876,34.30806467179291,5.857308654304715,-2.8900387096924423,
3.830528904350177,25.358272370426334,5.0356997895452755,-1.8752616061431615,
137.70876871744792,18972.516406243038,137.74075797033728,-2150.209167482994,
