MAE,MSE,RMSE,R2,MAPE
33.37694704115157,1343.915355366678,36.659451105638205,-4.821947123360418,
63.35282848369905,4183.693662885023,64.68147851498931,-17.124090321900486,
14.493667436389956,454.3621148440945,21.315771504782425,-0.9683324525738357,
11.334537121814318,335.5926297154095,18.31918747421428,-0.4538136924996323,
219.41864455540974,48375.08041630967,219.9433572907117,-208.5646568419632,
