MAE,MSE,RMSE,R2,MAPE
3.0277961163590126,19.021001482060452,4.361307313416523,-0.4424790249583819,
4.251484492640329,24.164315250038634,4.915721233963398,-0.8325280050862416,
5.249176955883155,39.300294943885554,6.2689947315247885,-1.980382036387493,
2.918637074317068,17.578256993648875,4.192643198943702,-0.3330668751895687,
141.8067655245463,20122.34822046035,141.8532629884147,-1525.000892660591,
