MAE,MSE,RMSE,R2,MAPE
15.584206930127156,315.0098834842065,17.748517782739114,-3.339508219986363,
26.642717852650048,740.2923023172913,27.208313110468485,-9.1981071056127,
9.995764466758704,129.61818468054176,11.384998229272666,-0.7855921587587968,
19.292422000764,449.540378259976,21.202367279621775,-5.192771303230396,
209.11102593739827,43799.985263070135,209.28446015667322,-602.3791510986158,
