MAE,MSE,RMSE,R2,MAPE
27.20785536655914,833.9098045744155,28.877496508084207,-7.880959152606076,
47.515047015703665,2339.2184092031926,48.36546711449392,-23.91217038965018,
11.481264939177853,146.02580200429472,12.08411362096098,-0.5551432249780643,
19.805619311491608,507.2337223610147,22.52184988763167,-4.40192949453506,
153.38851896921793,23622.13538468986,153.69494261259823,-250.570635454785,
