MAE,MSE,RMSE,R2,MAPE
10.173285639185217,115.0350938029802,10.725441426952095,-9.1264380236506,
16.968203626486165,313.55420956038256,17.70746197399228,-26.60190099558738,
2.6744810327063666,16.179390973862464,4.0223613678860906,-0.42425754211873046,
1.7819142138052553,11.325884066602457,3.3653950832855357,0.0029923976075350023,
50.71761868794759,2583.633731430516,50.829457319850626,-226.43500259106546,
