MAE,MSE,RMSE,R2,MAPE
6.298978071363403,47.43692212938766,6.887446706101446,-2.377554229192299,
8.0258945725506,77.2180697249635,8.787381278001057,-4.498000423767859,
5.4451319745163085,50.156982534330474,7.082159454172892,-2.5712251317714014,
3.556650175054022,22.602090606620933,4.7541656057210435,-0.6092904701691593,
100.44037596384685,10102.379567252483,100.51059430354833,-718.2990881493337,
