MAE,MSE,RMSE,R2,MAPE
0.7487579844001793,0.7656577672481071,0.8750187239414406,-0.8849079952957992,
1.5400688808352294,3.0919441775038132,1.7583924981368104,-6.611795439798224,
1.6967465664760673,3.578700860016141,1.8917454532827986,-7.810100481395011,
0.7066329198831798,0.7160639940019602,0.8462056452198604,-0.7628172862254405,
47.957568136850995,2300.3414351418087,47.96187480845394,-5662.015708170795,
