MAE,MSE,RMSE,R2,MAPE
18.695323399900133,393.24566459629426,19.83042270341947,-6.823698876473806,
32.95421574520146,1115.574404814684,33.400215640242266,-21.19456945960651,
5.241629002745112,45.01339105788715,6.709201968780426,0.10444984204109031,
6.543858758991405,85.17720413200887,9.229149697128596,-0.6946170200068305,
147.67017704645792,21856.80024548891,147.84045537500523,-433.845286087244,
