MAE,MSE,RMSE,R2,MAPE
13.614333873880472,213.56266985026397,14.61378355698017,-5.570273173705948,
27.380143253243084,828.8533993238473,28.78981415924471,-24.49974327596994,
6.146458566633734,55.3299687205882,7.4384117068489966,-0.702231056774834,
5.712936755761928,63.318179473395986,7.957272112564455,-0.9479890202423316,
194.2993337949117,37784.72615569846,194.38293689441585,-1161.4502203998093,
