MAE,MSE,RMSE,R2,MAPE
5.043895298884795,39.81630175526802,6.3100159869265005,-1.7346768471183327,
7.000179561326909,62.77640347367256,7.923156156082786,-3.311630401537668,
3.4637580588348458,16.386153899984688,4.0479814599358885,-0.12543942325525137,
4.476162126827603,33.31617736604736,5.772016750326299,-1.288233081952748,
67.30167071024577,4544.041236228733,67.40950404971642,-311.0953934256729,
