MAE,MSE,RMSE,R2,MAPE
11.843324448408676,189.00378174893658,13.747864625058561,-1.6938500154969636,
26.867279760984562,804.7355823285583,28.367861786334167,-10.469807328016293,
13.138877149029334,344.9385112894762,18.572520326802074,-3.916370484147115,
16.229235432009066,316.64703371314073,17.794578773130336,-3.513135180587523,
363.499924214681,132202.28129125937,363.5963163884631,-1883.2645062957677,
