MAE,MSE,RMSE,R2,MAPE
4.782045246113831,35.09873562869784,5.924418589929128,-0.1099700756228228,
5.960163709681145,53.71961117526789,7.32936635564548,-0.6988407078085079,
7.678925336900239,90.89348030557198,9.533807230355142,-1.8744352581722974,
4.785643340670957,30.04250006131453,5.481103909005423,0.04992942145497192,
229.59412692387897,52745.007993974,229.66281369428094,-1667.0196441016283,
