MAE,MSE,RMSE,R2,MAPE
1.7738221684845448,4.768044465353466,2.1835852319873994,-0.30953107876307984,
2.0749193203687164,5.769713524579852,2.402022798513755,-0.5846368948316572,
6.690953988980258,53.89930725789806,7.3416147582053135,-13.803305315397365,
3.0115651235792713,12.016798202726232,3.466525378924296,-2.3003825421598183,
124.00551471710205,15381.002808517685,124.02017097439305,-4223.352634849633,
