MAE,MSE,RMSE,R2,MAPE
57.39192802292548,3877.0247913601156,62.26575938154224,-5.484120795567138,
85.01521545635234,8143.600690691952,90.24190097007018,-12.619745405544897,
33.06319109405186,1667.458728424129,40.834528629875585,-1.7887373433410074,
199.7130459219265,40612.227814636695,201.52475732434638,-66.9218228147606,
812.2254454930624,660308.4816469399,812.5936756134273,-1103.3313333661367,
