MAE,MSE,RMSE,R2,MAPE
3.0120669563684666,12.634059798460891,3.554442262642747,-2.1650445437653345,
5.848515518421456,35.92721949464735,5.9939318893900815,-8.000372948056311,
1.9637630713803742,5.9557085947558575,2.440432050837691,-0.4920052059896609,
1.6703470821086364,4.345114844301394,2.0844939060360415,-0.08852437374605793,
36.6417896270752,1346.6232603202868,36.6963657644771,-336.3517832409999,
