MAE,MSE,RMSE,R2,MAPE
21.69655136377737,550.891735717896,23.471082968578507,-5.512956647410649,
44.74008005681082,2073.0322854417254,45.53056429961884,-23.50857133692515,
7.460401802706002,90.62583686911557,9.519760336747748,-0.07143038893964104,
12.46182230091839,245.75422072781674,15.67655002632329,-1.9054467180064867,
274.38774887720746,75373.47194626853,274.54229536861624,-890.1082220377594,
