MAE,MSE,RMSE,R2,MAPE
1.028532072866375,1.3103436720134372,1.1447024381966857,-2.712418169542823,
1.961744354943582,4.170595884683694,2.042203683446804,-10.815981006211548,
1.5010848424655865,2.953397072854661,1.7185450453376718,-7.367457476474764,
0.8212466872743301,0.9817181675857521,0.9908169193073724,-1.7813683086022172,
20.925755500793457,438.2451447726847,20.934305452359403,-1240.6202504096618,
