MAE,MSE,RMSE,R2,MAPE
3.6640316489500493,21.320126024240647,4.617372199015437,-0.008246312276681822,
5.336251583634098,38.33041505086586,6.19115619661351,-0.8126768847017913,
10.822631512932503,161.22424359825635,12.697410901371049,-6.62442721364397,
4.844469583897027,35.346113472326124,5.945259748095631,-0.671546806114869,
125.90263837178549,15872.495566993664,125.98609275231003,-749.6233829881562,
