MAE,MSE,RMSE,R2,MAPE
4.790504337300482,29.444987192368032,5.426323542912645,-0.5763250439412,
10.013157409243195,109.72727454031353,10.475078736711888,-4.874203637152187,
4.020246501297412,20.67268770161577,4.546722742989259,-0.10670366866651304,
5.890390089538497,44.283342233438894,6.6545730316406395,-1.3706901597865797,
102.5437514146169,10533.94269153717,102.63499740116511,-562.9302054244164,
