MAE,MSE,RMSE,R2,MAPE
35.603681538934616,1497.3167081710712,38.69517680759543,-5.464728620360687,
71.18205048831055,5184.6970015611105,72.00484012593257,-21.385149989297314,
11.724907591008032,257.74773819697447,16.05452391685828,-0.11283683061983152,
20.618223830078982,692.0386927775678,26.306628305002672,-1.9879065124844613,
247.02561232248942,61253.436558941015,247.49431621542547,-263.46431957719886,
