MAE,MSE,RMSE,R2,MAPE
13.993114367440178,225.74708301737707,15.024882129899623,-6.401524772626477,
26.214595832057814,737.1732592428531,27.150934776593846,-23.169553232206244,
4.5516017691173625,39.97895025277201,6.3228909727095575,-0.31078190125148164,
7.685903833252621,101.8010575569187,10.089651012642543,-2.337731054221895,
260.59442132314047,67939.98844472847,260.65300390505473,-2226.5349067828547,
