MAE,MSE,RMSE,R2,MAPE
3.527716622231722,15.828029722428445,3.9784456415073017,-0.025333402372796465,
5.656059063635571,37.42885820506239,6.117912896165031,-1.4246263877016219,
4.412767738877006,33.44249542301126,5.782948678919022,-1.1663914092430607,
5.5858540568774675,52.743400523394484,7.262465182250066,-2.4166962824647733,
174.72559140523273,30544.439537156322,174.76967567961074,-1977.6565140084663,
