MAE,MSE,RMSE,R2,MAPE
39.06292913586606,1743.0590310726138,41.749958455938774,-6.912754567487229,
89.41545620091694,8406.862253096851,91.68894291623637,-37.16361724163367,
11.459492981396046,257.57842156628254,16.049249875501427,-0.16929765165815902,
26.75463611247456,986.9183592835323,31.415256791621683,-3.4801940817530745,
465.4722630818685,216884.8588848548,465.7089851880193,-983.5659998697228,
