MAE,MSE,RMSE,R2,MAPE
1.190541200641861,2.219123879115207,1.489672406643557,-0.48749168476763494,
1.872891459998292,4.652816282508683,2.157038776310867,-2.118809903367191,
4.211001211910301,21.560943400837647,4.6433762932630875,-13.452426169772469,
1.4972325697119624,3.299043356856688,1.8163268860138275,-1.211368012032222,
53.82923386891683,2899.0743374997237,53.84305282485126,-1942.266444536421,
