MAE,MSE,RMSE,R2,MAPE
1.2927763541659303,1.7929318700240857,1.3390040590020948,-9.829866127188124,
2.2055792286803153,5.222687214279298,2.2853199369627215,-30.546655118614208,
0.5031159511012329,0.36412997870085995,0.6034318343449075,-1.1994583219568744,
0.31865986814166436,0.17898154815603803,0.4230621090998791,-0.08110421716176375,
2.030948829650879,4.290225765625594,2.0712860173393715,-24.91429795740883,
