MAE,MSE,RMSE,R2,MAPE
2.338927735454443,7.512755846272302,2.740940686383473,-2.662966745365189,
4.794842971599616,23.646630723863513,4.862780143484128,-10.529300799043078,
1.4742092886101132,2.874337037042777,1.6953869873992713,-0.40142994090288564,
1.3382068729727095,2.187044064585288,1.4788658034403555,-0.06632903333324469,
32.54618819554647,1061.315051525059,32.57783067555388,-516.4614774711165,
