MAE,MSE,RMSE,R2,MAPE
12.760554212716015,189.82708218435877,13.777774935901617,-6.087165381911847,
24.918898987419926,639.2285946428858,25.282970447375952,-22.865502829998757,
4.106181063790663,22.531933885008698,4.746781423765865,0.15877365874342053,
27.17617911254468,778.1662888949847,27.89563207555951,-28.052720615866736,
176.26359949111938,31095.644373500792,176.3395712070912,-1159.95117617667,
