MAE,MSE,RMSE,R2,MAPE
0.4911146878396537,0.5323891779458263,0.7296500379948091,-0.3364044711720189,
0.6433403680003668,0.639263765895716,0.7995397212745068,-0.6046812940443149,
2.6150431218768193,7.520516076322037,2.742355935381481,-17.878015794191278,
1.2299695559268486,1.870758050540222,1.3677565757620112,-3.6959809229582072,
1.224383004506429,1.7760277458029123,1.3326769097582927,-3.458188706191339,
