MAE,MSE,RMSE,R2,MAPE
1.1911491415671154,1.5552682035453302,1.247103926521495,-6.458365844625217,
2.509045793306387,6.815354865833771,2.6106234630512635,-31.683372446283883,
1.0625624399354379,2.6026762389547984,1.6132812026905905,-11.481263052242621,
0.5446078982358815,0.367964617957,0.606600872037784,-0.7645925843176062,
2.1462961196899415,4.815130493287218,2.1943405600059482,-22.091197213883007,
