MAE,MSE,RMSE,R2,MAPE
2.8307644376353585,10.258510044254093,3.20289088859644,-3.1336610897794177,
4.581381479651185,24.979659629500684,4.997965549051002,-9.065540375840092,
6.442538273423831,51.41635703141866,7.170519997281834,-19.71819333627562,
5.343335444611695,32.94224896355531,5.739533862915638,-12.274061453665624,
57.06742976506551,3259.1869093341206,57.08928891949978,-1312.2876073927441,
