MAE,MSE,RMSE,R2,MAPE
1.691801790206918,3.596778107018717,1.896517362698986,-0.26939995323050625,
1.8369856161271576,4.820921982738686,2.1956598057847407,-0.7014333265303545,
6.2125038401910855,42.5816066242724,6.525458345915052,-14.028196860921874,
1.6874714957131176,3.6806831058507905,1.9185106478335716,-0.2990122891667706,
85.92728052139282,7386.32731786786,85.94374507704363,-2605.834025582518,
