MAE,MSE,RMSE,R2,MAPE
7.4735470679541995,73.63067373766822,8.580831762578043,-2.9403035149897048,
11.789234779872361,149.1556060170646,12.212927823297106,-6.981977195582721,
8.456021214815744,83.24636251366458,9.123944460246598,-3.454881616204638,
5.087109126571814,39.81989245832302,6.310300504597465,-1.130938836429166,
119.99715226491293,14417.940936762523,120.07473063372878,-770.5678869712114,
