MAE,MSE,RMSE,R2,MAPE
7.724828393175622,77.4542335676392,8.800808688276277,-2.7791078824433435,
15.10007774298859,232.3138255399921,15.241844558320102,-10.334938955041954,
4.761213442531595,32.16686411773863,5.671583916133009,-0.5694694033047571,
7.100242427015065,70.63496749730963,8.404461166387149,-2.4463856931990864,
50.9436528523763,2615.74108068404,51.14431621093433,-126.62591896040658,
