MAE,MSE,RMSE,R2,MAPE
11.162557479112703,142.3128915127907,11.929496699894372,-6.762415508058445,
24.52200571797238,629.4225715952884,25.088295509964173,-33.33167212707619,
3.272055984174649,15.63672600900518,3.9543300328886537,0.14709930226768353,
10.78312980514724,143.08013479344658,11.96161087786451,-6.804264570900945,
201.60555461247762,40663.11404568634,201.65097085232776,-2216.957795101195,
