MAE,MSE,RMSE,R2,MAPE
3.1913521101221405,12.03919547865048,3.4697543830436297,-5.427028537100412,
5.535744177004902,31.976703578964347,5.654794742425612,-16.070508306709684,
4.388721405519456,19.88661051575832,4.4594406056991405,-9.616308499819024,
1.1694044471023204,2.046058577921776,1.4304050398127715,-0.09227206188335635,
70.15942869186401,4924.204482861824,70.1726761842658,-2627.7473103990383,
