MAE,MSE,RMSE,R2,MAPE
22.284211095273243,663.4749437973383,25.758007372414085,-2.2989539415977016,
56.82986994910047,3401.5664258787197,58.32294939283095,-15.913390736405422,
14.533611944577366,404.6843470169124,20.116767807401676,-1.0121860428569982,
13.05300204706593,214.20767221277538,14.635835207215726,-0.06509108018803644,
292.99765787124636,86048.75362828396,293.34067844109853,-426.85470288732813,
