MAE,MSE,RMSE,R2,MAPE
19.757172837354908,450.1442278424452,21.216602646098767,-5.735204961901947,
39.11179850921283,1625.9922392645356,40.32359407672555,-23.32862696118287,
12.725745632382308,189.76365583973012,13.775472980617765,-1.8393057987800074,
7.104313806808564,119.84231853013299,10.947251642770116,-0.7931199124305996,
284.3099981625875,80899.02696769919,284.42754256172026,-1209.4376645180425,
