MAE,MSE,RMSE,R2,MAPE
1.8998228770558971,6.026230550708905,2.454838192368064,-0.034937922820510225,
2.765189927853994,10.726125107850057,3.2750763514535133,-0.8420924233848621,
2.811389587450599,12.350297900105812,3.514299062417115,-1.1210259958352262,
2.844163561521801,11.140174094081491,3.3376899337837678,-0.9132007213748701,
109.6408613204956,12026.902861828718,109.66723695720941,-2064.4865028887466,
