MAE,MSE,RMSE,R2,MAPE
3.0203700349415032,12.484644484030161,3.5333616407084856,-1.3804200464281347,
6.964359073343724,58.43321320222403,7.644162034011578,-10.141333841080419,
1.8678344877102646,5.895276940034579,2.428019139140913,-0.12403964928713473,
1.9346965317574367,5.080843332987085,2.254072610407013,0.031246637573538516,
95.86439752578735,9195.25030517055,95.89186777391788,-1752.2384030920011,
