MAE,MSE,RMSE,R2,MAPE
9.97007586793827,130.9834535567807,11.44480028470487,-1.7440093498488407,
20.77124587347851,451.5438379237676,21.249560887787013,-8.459519347551254,
8.358577849974816,112.19366617284761,10.592151158893438,-1.3503767889175213,
5.766787776141293,55.89601998579542,7.476364088632617,-0.17098150411701551,
174.66976725260417,30557.239550958428,174.80629150851072,-639.1522387486327,
