MAE,MSE,RMSE,R2,MAPE
1.1285579614003125,1.8765009350649688,1.36985434812062,-1.1207722918539313,
1.0885154483929391,1.7571603207437505,1.3255792397075894,-0.9858966499526371,
0.9255305817019204,1.300028055064971,1.1401877279926191,-0.46925771594091503,
1.210786031633558,2.2728200985082103,1.5075875094030895,-1.5686818478020372,
16.27386668523153,265.7211935964154,16.30095683070216,-299.3111451783642,
