Model,MAE
ARIMA,1.239360842035171
SARIMA,1.32343063771849
Prophet,1.1890772761096498
SVM,40.30893326790525
RNN,40.20524209340413
