Model,MAE
ARIMA,5.839194764832028
SARIMA,8.466158527619845
Prophet,2.2210070823091685
SVM,143.8387079974378
RNN,144.44894090412805
