Model,MAE
ARIMA,9.679973647501576
SARIMA,12.34256628268319
Prophet,17.874255179665393
SVM,242.7355595703233
RNN,242.6836863130331
