Model,MAE
ARIMA,19.21638182502009
SARIMA,18.43505373975187
Prophet,11.659972864006075
SVM,124.45533924076949
RNN,124.78202899098396
