Model,MAE
ARIMA,3.1589347662854257
SARIMA,2.614588205425039
Prophet,2.1137441245893727
SVM,85.10415601771534
RNN,84.88995610276858
