Model,MAE
ARIMA,2.2352722269369596
SARIMA,3.4699409542219724
Prophet,1.4032802961966877
SVM,33.45097330681108
RNN,33.58838343918323
