Model,MAE
ARIMA,8.714258714549983
SARIMA,10.62767860631357
Prophet,11.47515882534993
SVM,280.2623375201851
RNN,280.1689146121343
