Model,MAE
ARIMA,17.6755112497702
SARIMA,14.735664472988393
Prophet,10.252028128769757
SVM,374.15333541111715
RNN,374.2899554302295
