Model,MAE
ARIMA,2.1731362310337685
SARIMA,2.555530391870866
Prophet,2.713030422192881
SVM,136.84121461074304
RNN,137.05783462027708
