Model,MAE
ARIMA,1.4552587424717416
SARIMA,1.4320393778108216
Prophet,1.6507066457429147
SVM,70.2764851781711
RNN,70.4116377711296
