Model,MAE
ARIMA,1.0560764213260128
SARIMA,1.281758384796873
Prophet,1.0704102280329588
SVM,78.7525607842597
RNN,66.5982438325882
