Model,MAE
ARIMA,3.040949407840291
SARIMA,2.8303084021811267
Prophet,5.129823777448877
SVM,102.75824385923323
RNN,102.90940661827723
