Model,MAE
ARIMA,11.868590862605936
SARIMA,12.230293859687666
Prophet,10.887804923977038
SVM,576.1636122699053
RNN,577.4561096437276
