Model,MAE
ARIMA,18.418483271345846
SARIMA,23.24508656861515
Prophet,44.82143846864157
SVM,495.42522311408516
RNN,495.1993000129859
