Model,MAE
ARIMA,9.775203148125586
SARIMA,8.703158829673077
Prophet,21.468835362548543
SVM,459.0909792384257
RNN,448.34028639793394
