Model,MAE
ARIMA,4.863505752072445
SARIMA,2.712766507950649
Prophet,2.0849954726541164
SVM,126.00082146279257
RNN,125.94879566033681
