Model,MAE
ARIMA,1.2112551703707188
SARIMA,1.4886465262833732
Prophet,1.2821091029723357
SVM,104.12120055906806
RNN,104.27659174998601
