Model,MAE
ARIMA,0.5337433578123119
SARIMA,0.5505958500718199
Prophet,0.6765291784618873
SVM,19.610682919610287
RNN,19.67862713734309
