Model,MAE
ARIMA,6.162348757068404
SARIMA,7.871219813474796
Prophet,3.0781169037883767
SVM,111.82290795669563
RNN,112.2135405321916
