Model,MAE
ARIMA,5.508820082967028
SARIMA,5.981814957108357
Prophet,4.40531688898863
SVM,95.9056033242986
RNN,95.67652304371198
