Model,MAE
ARIMA,0.2725643568149877
SARIMA,0.9011808244028764
Prophet,1.187024573695877
SVM,41.45936243331421
RNN,2795.76097942392
