Model,MAE
ARIMA,11.230006027505423
SARIMA,8.840024086288107
Prophet,7.126033283926215
SVM,138.8156364861971
RNN,108642.51904815038
