Model,MAE
ARIMA,4.247139606046437
SARIMA,4.2290782701940755
Prophet,4.066532358510799
SVM,322.7160869157396
RNN,322.7777186165253
