Model,MAE
ARIMA,2.3472805168197066
SARIMA,5.081461743396153
Prophet,12.222912158428354
SVM,153.44615413254627
RNN,153.5919056477646
