Model,MAE
ARIMA,4.865332075632468
SARIMA,5.500450766164354
Prophet,5.1861361895058655
SVM,228.39464911018246
RNN,227.69844165841738
