Model,MAE
ARIMA,2.5305322821015586
SARIMA,2.0111508139366103
Prophet,2.835645321559664
SVM,122.39852406610397
RNN,122.29775532285372
