Model,MAE
ARIMA,6.451405148493916
SARIMA,5.59781063980188
Prophet,3.221433512160246
SVM,133.0048828550798
RNN,132.97300403316817
