Model,MAE
ARIMA,1.449341562805473
SARIMA,1.3502174504864564
Prophet,0.8657426000092078
SVM,36.75779683365706
RNN,36.75633396506309
