Model,MAE
ARIMA,3.189614774483918
SARIMA,4.849945111406532
Prophet,3.2871650737488407
SVM,202.8756688594147
RNN,202.7114886323611
