Model,MAE
ARIMA,3.4837349795525516
SARIMA,3.6073837160635
Prophet,2.9186001297288935
SVM,122.12299188101505
RNN,122.10375554760297
