Model,MAE
ARIMA,7.378412949630769
SARIMA,5.383814360987284
Prophet,4.443966355747999
SVM,175.4741102628751
RNN,175.44461881915728
