Model,MAE
ARIMA,4.768386416334061
SARIMA,2.9976589961202658
Prophet,3.1905424075921074
SVM,214.70236140195416
RNN,212.45988175868987
