Model,MAE
ARIMA,15.407240403446524
SARIMA,18.188398257099585
Prophet,11.866720845233546
SVM,97.68686803732801
RNN,97.70045879085859
