Model,MAE
ARIMA,10.445076925138892
SARIMA,17.333789175203286
Prophet,13.647042173419226
SVM,355.71276856132624
RNN,494771.9486972809
