Model,MAE
ARIMA,8.508786050806252
SARIMA,6.853176395412208
Prophet,7.118834926243653
SVM,549.0045060823359
RNN,548.9704274411002
