Model,MAE
ARIMA,3.487483219801513
SARIMA,3.7513788131185994
Prophet,1.0820500502179806
SVM,61.90161397468887
RNN,2336984298.5363955
