Model,MAE
ARIMA,15.350691194384058
SARIMA,14.468181041044923
Prophet,37.31421026819302
SVM,510.356141735937
RNN,510.2712367902199
