Model,MAE
ARIMA,18.388416827620542
SARIMA,16.062414041386134
Prophet,12.505763965171319
SVM,282.12670156054753
RNN,24259.967695617677
