Model,MAE
ARIMA,4.026988898556235
SARIMA,2.972192774232435
Prophet,2.2348132515007126
SVM,102.2617873357618
RNN,125.3514092663924
