Model,MAE
ARIMA,9.761928184986285
SARIMA,13.321835656407101
Prophet,6.99194474347763
SVM,187.371083786863
RNN,187.34000557263693
