Model,MAE
ARIMA,8.192091047355882
SARIMA,9.092810028919097
Prophet,4.0640866348069
SVM,132.23342312264063
RNN,132.51173418480903
