Model,MAE
ARIMA,4.043402864798961
SARIMA,2.814695579952258
Prophet,2.4248650814565935
SVM,201.54964931808254
RNN,201.38008774717647
