Model,MAE
ARIMA,16.457698259773828
SARIMA,19.576930743851346
Prophet,9.753537126810436
SVM,158.89353260540858
RNN,159.0546813984712
