Model,MAE
ARIMA,11.487471499360327
SARIMA,19.707010294186148
Prophet,16.357312420050718
SVM,190.31205825614927
RNN,190.4885439567268
