Model,MAE
ARIMA,1.7225193712832476
SARIMA,1.7005804980662909
Prophet,1.1234404329759742
SVM,65.1412118034194
RNN,139407.53903288842
