Model,MAE
ARIMA,7.8764929132921635
SARIMA,10.117149077640324
Prophet,3.322728978330079
SVM,184.74343998220678
RNN,184.70857907334963
