Model,MAE
ARIMA,25.41874104147154
SARIMA,44.95818043910378
Prophet,53.58230523422032
SVM,919.9340624491722
RNN,847.9338721632957
