Model,MAE
ARIMA,8.79063293257592
SARIMA,8.43294809103572
Prophet,11.879057390056781
SVM,470.1695115163937
RNN,470.22857515017193
