Model,MAE
ARIMA,39.38739308857068
SARIMA,50.300058853225124
Prophet,66.354202934402
SVM,1069.811460653341
RNN,1070.2657675391063
