Model,MAE
ARIMA,10.889448480026529
SARIMA,12.218946294059348
Prophet,5.024938782980873
SVM,130.76178830739363
RNN,130.92302351792654
