Model,MAE
ARIMA,6.454631595905758
SARIMA,7.649849458441979
Prophet,4.814514853883691
SVM,149.26987049260782
RNN,149.39611107334494
