Model,MAE
ARIMA,0.777905144256684
SARIMA,0.6049932634784567
Prophet,0.5044057414295526
SVM,28.402098232602476
RNN,28.21687615911166
