Model,MAE
ARIMA,1.4471507470258944
SARIMA,2.1251545731854358
Prophet,2.1163625088441553
SVM,28.631305734395994
RNN,29.185389542703827
