Model,MAE
ARIMA,19.144434212439496
SARIMA,17.88309682859183
Prophet,7.406752100022112
SVM,151.9345721253496
RNN,143.88193512111903
