Model,MAE
ARIMA,2.5632229664957706
SARIMA,3.5933995713350892
Prophet,5.274796770470158
SVM,69.86892632195084
RNN,396.54275684158006
