Model,MAE,MSE,RMSE,MAPE
RNN,33.58838343918323,1129.4172295241983,33.60680332200905,0.9865315151461795
