Model,MAE,MSE,RMSE,MAPE
RNN,577.4561096437276,333623.01351886615,577.6010851088025,1.0013435379270763
