Model,MAE,MSE,RMSE,MAPE
RNN,494771.9486972809,1803709995559.5603,1343022.7085047967,1349.4483433064922
