Model,MAE,MSE,RMSE,MAPE
RNN,122.10375554760297,14921.262040965916,122.15261782281179,0.9964529714334618
