Model,MAE,MSE,RMSE,MAPE
RNN,24259.967695617677,2416946746.822916,49162.452611956985,90.27624479551906
