Model,MAE,MSE,RMSE,MAPE
RNN,322.7777186165253,104213.59826982422,322.8213101234555,0.9987954867891672
