Model,MAE,MSE,RMSE,MAPE
SVM,70.2764851781711,4942.375265983884,70.30202888952697,0.9936508462788999
