Model,MAE,MSE,RMSE,MAPE
RNN,190.4885439567268,36372.67416847498,190.7162137010773,0.9985136460674474
