Model,MAE,MSE,RMSE,MAPE
SVM,459.0909792384257,210875.46601326394,459.2117877551315,0.9990563817999484
