Model,MAE,MSE,RMSE,MAPE
SVM,153.44615413254627,23554.684936052363,153.47535611964665,0.997947254546221
