Model,MAE,MSE,RMSE,MAPE
RNN,470.22857515017193,221234.82989989588,470.3560671447705,0.9983846872796571
