Model,MAE,MSE,RMSE,MAPE
RNN,187.34000557263693,35109.63567409759,187.3756538990527,0.9963195039640111
