Model,MAE,MSE,RMSE,MAPE
RNN,28.21687615911166,796.4350752891364,28.221181323416218,0.9744944238886758
