Model,MAE,MSE,RMSE,MAPE
RNN,139407.53903288842,134636340108.66557,366928.2492649831,2147.44723916604
