Model,MAE,MSE,RMSE,MAPE
RNN,29.185389542703827,853.1639047075313,29.20896959338914,1.0014700962554832
