Model,MAE,MSE,RMSE,MAPE
RNN,2336984298.5363955,4.569633717178524e+19,6759906594.900941,39181440.46092166
