Model,MAE,MSE,RMSE,MAPE
RNN,108642.51904815038,75340753064.541,274482.7008475051,834.1612276586457
