Model,MAE,MSE,RMSE,MAPE
SVM,576.1636122699053,332126.32416796894,576.3040206071522,0.9991089195354134
