Model,MAE,MSE,RMSE,MAPE
SVM,136.84121461074304,18732.18390630701,136.86556873920853,0.9960961216019655
