Model,MAE,MSE,RMSE,MAPE
SVM,470.1695115163937,221178.80099894767,470.2965032816507,0.9982603218657826
