Model,MAE,MSE,RMSE,MAPE
RNN,175.44461881915728,30803.222099354825,175.50846731526894,0.9963647082550106
