Model,MAE,MSE,RMSE,MAPE
RNN,159.0546813984712,25363.16558091375,159.258172728792,0.9983857353123441
