Model,MAE,MSE,RMSE,MAPE
SVM,151.9345721253496,23185.138210938745,152.26666808904287,0.9958615897560804
