Model,MAE,MSE,RMSE,MAPE
RNN,19.67862713734309,387.6247909417795,19.68818912296861,0.9752481801842302
