Model,MAE,MSE,RMSE,MAPE
SVM,61.90161397468887,3833.675666430919,61.91668326413261,0.9934271007500252
