Model,MAE,MSE,RMSE,MAPE
SVM,95.9056033242986,9210.850095109246,95.97317383055146,0.993907113029347
