Model,MAE,MSE,RMSE,MAPE
SVM,102.75824385923323,10572.330576303206,102.82183900467452,0.9925855635590075
