Model,MAE,MSE,RMSE,MAPE
RNN,97.70045879085859,9698.159249639164,98.47923258047437,0.9934441558671189
