Model,MAE,MSE,RMSE,MAPE
SVM,322.7160869157396,104173.68287685198,322.75948146700813,0.9986053458085647
