Model,MAE,MSE,RMSE,MAPE
SVM,187.371083786863,35121.164875100854,187.4064163125181,0.9964864466345111
