Model,MAE,MSE,RMSE,MAPE
RNN,280.1689146121343,78533.91491205091,280.23903174263734,0.99716508496963
