Model,MAE,MSE,RMSE,MAPE
RNN,125.3514092663924,30162.43664876777,173.67336194352825,1.2304938640313483
