Model,MAE,MSE,RMSE,MAPE
SVM,130.76178830739363,17121.010392315842,130.84727888770115,0.9964959174932855
