Model,MAE,MSE,RMSE,MAPE
SVM,158.89353260540858,25311.204098182192,159.0949530883434,0.9973862237045981
