Model,MAE,MSE,RMSE,MAPE
SVM,919.9340624491722,846861.4913591585,920.2507763426003,0.9994858053773377
