Model,MAE,MSE,RMSE,MAPE
RNN,95.67652304371198,9167.3913872138,95.74649543045322,0.9915065433873206
