Model,MAE,MSE,RMSE,MAPE
RNN,2795.76097942392,28783076.803287815,5364.986188545859,66.62204148051843
