Model,MAE,MSE,RMSE,MAPE
RNN,132.97300403316817,17695.378530944774,133.0239772783267,0.9959819662775804
