Model,MAE,MSE,RMSE,MAPE
RNN,153.5919056477646,23599.44213180216,153.6210992403132,0.998895398347502
