Model,MAE,MSE,RMSE,MAPE
RNN,125.94879566033681,15867.223987173353,125.96516973819926,0.9954078200013151
