Model,MAE,MSE,RMSE,MAPE
SVM,190.31205825614927,36297.31503010774,190.51854248368514,0.9976973397513741
