Model,MAE,MSE,RMSE,MAPE
SVM,175.4741102628751,30813.333103639714,175.5372698421612,0.9965360342941199
