Model,MAE,MSE,RMSE,MAPE
RNN,144.44894090412805,20873.73458222686,144.47745354285166,1.0003737364510206
