Model,MAE,MSE,RMSE,MAPE
SVM,549.0045060823359,301452.38009774487,549.0467922661463,0.9994039891415025
