Model,MAE,MSE,RMSE,MAPE
RNN,40.20524209340413,1618.1145858892728,40.22579503116468,0.9800516492447049
