Model,MAE,MSE,RMSE,MAPE
SVM,69.86892632195084,4887.595782493403,69.91134230218587,0.9933419188639935
