Model,MAE,MSE,RMSE,MAPE
SVM,1069.811460653341,1145739.6349788515,1070.3922808853076,0.9995217414899232
