Model,MAE,MSE,RMSE,MAPE
SVM,28.631305734395994,821.13747328531,28.655496388743817,0.9824211074261808
