Model,MAE,MSE,RMSE,MAPE
SVM,374.15333541111715,140096.25405936668,374.2943414738816,0.9985222063206213
