Model,MAE,MSE,RMSE,MAPE
SVM,149.26987049260782,22302.82231875955,149.34129475386086,0.9985414445760264
