Model,MAE,MSE,RMSE,MAPE
SVM,97.68686803732801,9692.056634826318,98.44824343189836,0.9934814732084626
