Model,MAE,MSE,RMSE,MAPE
SVM,78.7525607842597,6203.60294551917,78.76295414418615,0.9911208263692249
