Model,MAE,MSE,RMSE,MAPE
SVM,36.75779683365706,1351.493903813872,36.76266997667433,0.983476587980883
