Model,MAE,MSE,RMSE,MAPE
SVM,85.10415601771534,7246.292926447901,85.12516036077642,0.9936165504269738
