Model,MAE,MSE,RMSE,MAPE
SVM,133.0048828550798,17704.70542415474,133.0590298482397,0.9961961342185536
