Model,MAE,MSE,RMSE,MAPE
SVM,282.12670156054753,79701.19732482875,282.31400483296744,0.9979388081578501
