Model,MAE,MSE,RMSE,MAPE
RNN,847.9338721632957,733818.7738844997,856.6322279044256,0.9229728719235305
