Model,MAE,MSE,RMSE,MAPE
SVM,202.8756688594147,41173.97387510708,202.9137104167855,0.996370755296952
