Model,MAE,MSE,RMSE,MAPE
SVM,355.71276856132624,126602.39471675314,355.8123026495193,0.9990699993404532
