Model,MAE,MSE,RMSE,MAPE
SVM,242.7355595703233,59034.02341357579,242.96918202433778,0.9979087430755943
