Model,MAE,MSE,RMSE,MAPE
RNN,202.7114886323611,41107.21372462276,202.74913988627117,0.9955662418801252
