Model,MAE,MSE,RMSE,MAPE
SVM,214.70236140195416,46109.571943981224,214.73139487271354,0.9972186977831139
