Model,MAE,MSE,RMSE,MAPE
RNN,242.6836863130331,59010.982445736176,242.921761984669,0.99767745516719
