Model,MAE,MSE,RMSE,MAPE
SVM,138.8156364861971,19300.868663606278,138.92756624804983,0.9959848546099974
