Model,MAE,MSE,RMSE,MAPE
RNN,70.4116377711296,4961.432861134028,70.43743934254019,0.9955588819087384
