Model,MAE,MSE,RMSE,MAPE
RNN,137.05783462027708,18791.491562644587,137.08206141813227,0.9976741759922361
