Model,MAE,MSE,RMSE,MAPE
SVM,104.12120055906806,10842.92219654415,104.129353193728,0.9943339719863933
