Model,MAE,MSE,RMSE,MAPE
RNN,130.92302351792654,17163.271745844242,131.00867049872784,0.9977242083533397
