Model,MAE,MSE,RMSE,MAPE
SVM,510.356141735937,260671.7470101519,510.5602285824386,0.9988847454718819
