Model,MAE,MSE,RMSE,MAPE
SVM,228.39464911018246,52200.1354201435,228.47348953465806,0.9974237156015175
