Model,MAE,MSE,RMSE,MAPE
SVM,122.39852406610397,14988.790390264905,122.4287155460879,0.9947314696809337
