Model,MAE,MSE,RMSE,MAPE
SVM,143.8387079974378,20695.775157708846,143.86026260822982,0.9961888796624232
