Model,MAE,MSE,RMSE,MAPE
RNN,212.45988175868987,45167.69334417992,212.52692381009027,0.986723738153014
