Model,MAE,MSE,RMSE,MAPE
SVM,111.82290795669563,12516.593867929014,111.8775842960913,0.9948957976908752
