Model,MAE,MSE,RMSE,MAPE
RNN,66.5982438325882,4821.507529074528,69.43707604064653,0.8388708792235027
