Model,MAE,MSE,RMSE,MAPE
RNN,184.70857907334963,34131.56883624876,184.7473107686517,0.9990264890641801
