Model,MAE,MSE,RMSE,MAPE
RNN,396.54275684158006,678151.2061216242,823.4993661938206,5.479261760951923
