Model,MAE,MSE,RMSE,MAPE
SVM,126.00082146279257,15880.316634728706,126.0171283386854,0.9958192750594581
