Model,MAE,MSE,RMSE,MAPE
RNN,122.29775532285372,14963.905211457026,122.32704202855976,0.9939202043149072
