Model,MAE,MSE,RMSE,MAPE
RNN,374.2899554302295,140197.4663514644,374.42952120721515,0.9988909672804273
