Model,MAE,MSE,RMSE,MAPE
RNN,112.2135405321916,12603.191290131703,112.2639358393055,0.99841143146977
