Model,MAE,MSE,RMSE,MAPE
RNN,201.38008774717647,40559.8807509114,201.39483794504613,0.9952354981563847
