Model,MAE,MSE,RMSE,MAPE
RNN,132.51173418480903,17574.28534043819,132.56804041864007,0.9994501008946428
