Model,MAE,MSE,RMSE,MAPE
SVM,280.2623375201851,78585.41843827956,280.33090881720403,0.9975030947104772
