Model,MAE,MSE,RMSE,MAPE
RNN,36.75633396506309,1351.4072872555573,36.76149190736901,0.9834299928305555
