Model,MAE,MSE,RMSE,MAPE
SVM,28.402098232602476,806.8648525735468,28.405366615721523,0.9809187682529642
