Model,MAE,MSE,RMSE,MAPE
RNN,227.69844165841738,51885.973796253435,227.78492881719245,0.9943509123361288
