Model,MAE,MSE,RMSE,MAPE
SVM,102.2617873357618,10460.806714494587,102.2780852113227,0.9930694663985614
