Model,MAE,MSE,RMSE,MAPE
SVM,132.23342312264063,17500.71467380269,132.2902667387238,0.9973459481217682
