Model,MAE,MSE,RMSE,MAPE
RNN,548.9704274411002,301414.8246467278,549.012590608565,0.9993421658859087
