Model,MAE,MSE,RMSE,MAPE
SVM,495.42522311408516,245867.8091134544,495.8505915227433,0.9990981091117063
