Model,MAE,MSE,RMSE,MAPE
SVM,184.74343998220678,34144.423036001725,184.78209609159035,0.9992155042751902
