Model,MAE,MSE,RMSE,MAPE
RNN,84.88995610276858,7209.86319131377,84.91091326392485,0.9911156359964842
