Model,MAE,MSE,RMSE,MAPE
RNN,510.2712367902199,260584.77400950546,510.47504739164816,0.9987190150630632
