Model,MAE,MSE,RMSE,MAPE
SVM,40.30893326790525,1626.4764752327026,40.329598004848776,0.9825776835435002
