Model,MAE,MSE,RMSE,MAPE
RNN,448.34028639793394,201638.22428430922,449.04145051911325,0.9754739701664785
