Model,MAE,MSE,RMSE,MAPE
SVM,19.610682919610287,385.0089317645767,19.621644471465093,0.9718150181116247
