Model,MAE,MSE,RMSE,MAPE
SVM,201.54964931808254,40628.206200423054,201.5643971549119,0.9960735353749416
