Model,MAE,MSE,RMSE,MAPE
RNN,124.78202899098396,15650.37823766236,125.10147176457342,0.9972520541549282
