Model,MAE,MSE,RMSE,MAPE
RNN,495.1993000129859,245644.9946977198,495.62586161107436,0.9986395770804684
