Model,MAE,MSE,RMSE,MAPE
SVM,124.45533924076949,15568.76649955609,124.77486325200317,0.9946337017704043
