Model,MAE,MSE,RMSE,MAPE
RNN,104.27659174998601,10875.734999724535,104.28679206747388,0.9958027063708017
