Model,MAE,MSE,RMSE,MAPE
RNN,149.39611107334494,22340.60591497253,149.46774205484115,0.9993849025053622
