Model,MAE,MSE,RMSE,MAPE
SVM,41.45936243331421,1718.9922932463292,41.460731942964166,0.9887041515876415
