Model,MAE,MSE,RMSE,MAPE
SVM,65.1412118034194,4244.971405444586,65.15344507732945,0.9921211858560258
