Model,MAE,MSE,RMSE,MAPE
RNN,102.90940661827723,10603.538693601618,102.97348539115114,0.9940418856552534
