Model,MAE,MSE,RMSE,MAPE
RNN,143.88193512111903,21360.37127726797,146.1518774332645,0.9363584484641259
