Model,MAE,MSE,RMSE,MAPE
SVM,122.12299188101505,14925.641843569765,122.17054409132245,0.9966205570464499
