Model,MAE,MSE,RMSE,MAPE
SVM,33.45097330681108,1120.062903903566,33.467340854982275,0.9825504668713546
