Model,MAE,MSE,RMSE,MAPE
RNN,1070.2657675391063,1146725.7173987252,1070.8527991272774,0.9999406897576988
